user_id,click,groups_exp,session_time,click_time,device_type,referral_source,z_score
3500,0,exp,1.6395697324881358,"2024-01-14 22:15:00",mobile,email,0.1422031387095346
9880,0,exp,2.3775262565501687,"2024-01-07 19:20:00",mobile,social,0.13298166531621683
8899,0,exp,0.9146521000925751,"2024-01-09 15:13:00",desktop,social,0.15126167866617934
4855,0,exp,2.9617149723555163,"2024-01-01 15:36:00",mobile,direct,0.12568166792636704
7575,0,exp,7.032542539890886,"2024-01-08 00:46:00",desktop,search,0.074812779477247
3310,1,exp,2.784539665311163,"2024-01-04 17:39:00",desktop,email,0.12789564304087536
3826,0,exp,1.65446659585686,"2024-01-03 19:53:00",desktop,search,0.14201698813735397
9199,0,exp,2.4958742740381203,"2024-01-07 17:31:00",mobile,social,0.13150279351437974
4518,0,exp,10.405808221541598,"2024-01-05 11:02:00",desktop,social,0.032660594737812215
4992,0,exp,2.572367059073607,"2024-01-04 23:50:00",mobile,email,0.1305469429202244
1403,1,exp,2.7557005206708136,"2024-01-02 16:29:00",mobile,social,0.12825601576787987
2040,1,exp,3.347912160307268,"2024-01-09 13:50:00",mobile,social,0.1208557642624652
5989,0,exp,4.923829723240138,"2024-01-13 10:39:00",mobile,search,0.10116316530466257
3826,1,exp,3.147566834768369,"2024-01-04 17:40:00",mobile,email,0.12335927094435374
1161,0,exp,19.5622892508824,"2024-01-02 20:44:00",desktop,email,0.08175840344884433
4327,0,exp,7.250426782156804,"2024-01-02 06:17:00",mobile,direct,0.07209010723658602
8153,1,exp,1.3245739191541297,"2024-01-02 05:40:00",mobile,direct,0.1461393130192042
7782,1,exp,11.981259109784638,"2024-01-14 18:33:00",mobile,social,0.012973827327120132
4452,1,exp,7.383083797329019,"2024-01-11 14:59:00",mobile,social,0.07043243080720236
8911,0,exp,0.4012281182056568,"2024-01-04 22:58:00",mobile,search,0.15767740294543714
1199,0,exp,3.205036552992542,"2024-01-04 15:48:00",desktop,direct,0.12264113178541172
9262,0,exp,10.45833858394115,"2024-01-09 01:47:00",desktop,email,0.032004177559544836
2712,0,exp,3.8417310948175523,"2024-01-03 19:22:00",mobile,search,0.11468502382285588
5774,1,exp,9.973400649663976,"2024-01-10 23:06:00",mobile,direct,0.038063941397301126
732,1,exp,4.238188046944909,"2024-01-10 06:47:00",mobile,search,0.10973091458141368
6339,1,exp,12.373842756839032,"2024-01-10 15:42:00",mobile,email,0.008068118741421073
9499,1,exp,0.1623576994622109,"2024-01-06 13:44:00",mobile,direct,0.16066231755635288
8476,1,exp,1.5898686050469708,"2024-01-10 20:16:00",mobile,email,0.1428242018878826
3883,0,exp,3.010466735965513,"2024-01-02 13:30:00",mobile,social,0.12507246795814625
3989,1,exp,10.116454615704196,"2024-01-09 03:06:00",desktop,social,0.03627634511129338
8292,0,exp,6.2265302800475695,"2024-01-08 19:01:00",mobile,email,0.08488467445545074
9494,0,con,1.4211378803027301,"2024-01-02 12:40:00",mobile,search,0.1449326538604997
2595,1,exp,2.496229209413097,"2024-01-10 07:23:00",mobile,social,0.1314983582570035
4491,0,exp,5.84095856265809,"2024-01-09 00:47:00",mobile,social,0.08970276226576196
4669,1,exp,7.18659316061046,"2024-01-06 02:32:00",mobile,social,0.07288776946125014
9873,0,exp,0.9192941305899592,"2024-01-08 12:05:00",desktop,social,0.15120367205017035
5358,0,exp,12.711758794326558,"2024-01-08 22:41:00",mobile,email,0.0038455342838512522
7171,1,exp,10.616639423816745,"2024-01-11 22:00:00",mobile,email,0.030026056985425556
9780,0,exp,5.285981679640679,"2024-01-09 14:35:00",mobile,social,0.09663772983333818
7386,1,exp,2.874801878066056,"2024-01-09 23:18:00",mobile,search,0.1267677302625458
7590,1,exp,1.5478936131299712,"2024-01-13 20:07:00",mobile,social,0.14334871960474851
5790,1,exp,3.2101684505072337,"2024-01-04 23:26:00",Desktop,email,0.12257700381195272
6178,0,exp,1.3504992494209875,"2024-01-07 14:35:00",mobile,email,0.1458153511928992
3522,0,exp,0.20229583033800128,"2024-01-03 10:18:00",mobile,social,0.16016325236857906
9076,0,exp,11.4812438007843,"2024-01-05 07:56:00",mobile,email,0.01922199739927818
4811,0,exp,6.624304673208757,"2024-01-05 01:12:00",mobile,ads,0.07991410252678428
6827,1,exp,8.66042740920782,"2024-01-01 18:52:00",desktop,direct,0.054470799265240906
9702,0,exp,1.9039223961395133,"2024-01-06 21:43:00",mobile,search,0.13889979904814698
8028,1,exp,2.8899912191110055,"2024-01-05 01:34:00",mobile,search,0.12657792490174075
1033,1,exp,10.393410674764969,"2024-01-02 14:55:00",mobile,search,0.03281551395597132
1081,0,exp,0.09101648345490862,"2024-01-04 13:06:00",mobile,search,0.1615537943626518
2305,0,exp,5.93084646061535,"2024-01-05 01:07:00",mobile,social,0.08857952690925137
8283,1,exp,9.975282081889043,"2024-01-05 17:23:00",mobile,search,0.03804043110009651
4498,1,exp,1.5091703418132845,"2024-01-14 21:55:00",mobile,search,0.143832603959051
7643,1,exp,5.06823328201426,"2024-01-05 21:40:00",desktop,social,0.09935870456515153
4718,0,exp,12.527752680430446,"2024-01-07 01:47:00",mobile,search,0.006144866870764141
663,1,exp,6.742972927002828,"2024-01-02 06:23:00",desktop,email,0.07843122906566218
9159,1,exp,13.515994800602122,"2024-01-06 19:34:00",desktop,direct,0.006204164705184106
3807,0,exp,3.8641751904397847,"2024-01-13 13:20:00",mobile,ads,0.11440456335686765
1555,0,exp,9.91520801636792,"2024-01-08 09:29:00",desktop,search,0.03879111407228864
6355,1,exp,4.7515355394155625,"2024-01-14 13:40:00",mobile,email,0.103316146110654
7111,0,exp,3.662463997515126,"2024-01-04 14:42:00",desktop,search,0.11692513785961813
6488,0,exp,1.4202693982160768,"2024-01-10 14:08:00",mobile,search,0.14494350637578143
1106,0,exp,6.286852377471318,"2024-01-02 11:49:00",mobile,search,0.08413089208713406
6068,1,exp,3.1995356779791893,"2024-01-14 20:38:00",MOBILE,direct,0.12270987048602838
7019,1,exp,0.7852192052354455,"2024-01-06 16:45:00",mobile,direct,0.1528790666249919
6891,1,exp,0.6418574000874349,"2024-01-12 17:38:00",desktop,ads,0.1546705096554207
3399,1,exp,10.649918005120124,"2024-01-12 16:50:00",mobile,email,0.029610209246364597
6323,0,exp,2.9588882908788614,"2024-01-08 20:23:00",mobile,search,0.12571699001808712
1414,1,exp,0.919009702669441,"2024-01-11 04:42:00",mobile,email,0.15120722624938918
8101,1,exp,0.6207332281447593,"2024-01-06 09:30:00",mobile,social,0.15493447641114907
6264,0,exp,13.276117268375762,"2024-01-04 09:07:00",desktop,social,0.003206665246944793
7016,1,exp,6.694178324742602,"2024-01-09 03:30:00",desktop,search,0.07904096434383742
6288,1,exp,0.6551734242331632,"2024-01-12 23:07:00",mobile,ads,0.15450411318305304
393,0,exp,3.2613120450031334,"2024-01-05 19:39:00",mobile,social,0.12193791562653146
3099,0,exp,1.4924543112402504,"2024-01-01 09:20:00",desktop,social,0.14404148676738046
4314,1,exp,8.922377367134692,"2024-01-07 06:22:00",mobile,email,0.05119748371257522
2273,0,exp,1.4909083809058097,"2024-01-14 09:39:00",desktop,search,0.1440608046472042
8425,0,exp,2.3778833520183245,"2024-01-05 12:34:00",mobile,direct,0.13297720306640795
5304,1,exp,11.272060626204048,"2024-01-13 18:34:00",desktop,social,0.02183594146755962
1243,1,exp,0.2967804346646906,"2024-01-13 06:25:00",mobile,social,0.15898257676443808
305,1,exp,6.697368843457935,"2024-01-08 21:20:00",desktop,social,0.07900109575743022
7795,0,exp,3.4079834409279046,"2024-01-12 21:34:00",mobile,social,0.12010511609027132
8058,0,exp,1.0955402233986846,"2024-01-05 06:32:00",mobile,social,0.14900130835729883
6907,0,exp,2.5818602271403095,"2024-01-13 01:14:00",Desktop,email,0.13042831669511357
357,1,exp,2.9593357403259053,"2024-01-04 19:20:00",mobile,social,0.1257113987087942
1067,1,exp,1.448045910828069,"2024-01-08 06:06:00",Desktop,direct,0.14459641225348716
4261,0,exp,2.130963069684888,"2024-01-06 20:25:00",mobile,email,0.1360627084309718
8103,0,exp,4.4946828473519655,"2024-01-07 00:20:00",mobile,social,0.10652576644550642
7733,0,exp,1.491162213502054,"2024-01-13 15:27:00",mobile,social,0.14405763276585848
4353,1,exp,0.5576333385055423,"2024-01-05 11:10:00",mobile,direct,0.15572296995305374
8568,1,exp,1.3769188194187512,"2024-01-11 07:07:00",mobile,search,0.14548521336790074
9781,0,exp,3.1010015466334817,"2024-01-09 13:04:00",mobile,direct,0.12394114880786856
3198,1,exp,1.1935482239423711,"2024-01-12 16:09:00",mobile,search,0.1477766045436228
6650,0,exp,5.785661434792242,"2024-01-03 06:38:00",mobile,social,0.09039375282782784
3653,1,exp,1.7492845320823112,"2024-01-04 00:44:00",mobile,social,0.1408321472319583
8315,0,exp,3.257806263204879,"2024-01-10 13:18:00",mobile,ads,0.12198172372703775
614,0,exp,0.5190987864384917,"2024-01-08 22:55:00",desktop,ads,0.15620449607962522
8123,0,exp,5.732033968485352,"2024-01-14 00:49:00",mobile,direct,0.09106387936994167
8776,1,exp,1.6924317391340096,"2024-01-07 23:52:00",mobile,search,0.14154257731884579
9510,1,exp,12.257752606697137,"2024-01-05 19:20:00",mobile,search,0.009518776328763932
1223,1,exp,9.903305754523789,"2024-01-01 11:07:00",mobile,ads,0.038939844230959524
7583,1,exp,5.898423325962771,"2024-01-06 22:07:00",mobile,social,0.08898468502328355
4245,0,exp,2.544962165900352,"2024-01-07 00:08:00",mobile,search,0.13088939330179003
8474,1,exp,0.2573404846319907,"2024-01-10 13:12:00",mobile,social,0.15947541670554785
9637,1,exp,2.4299735961998428,"2024-01-01 22:56:00",mobile,direct,0.13232628558670703
2762,0,exp,2.8748454787492457,"2024-01-01 09:14:00",mobile,email,0.1267671854302598
4900,0,exp,3.5677568227308853,"2024-01-12 05:59:00",desktop,social,0.11810859469474701
6212,1,exp,7.3436548313402215,"2024-01-10 14:56:00",mobile,search,0.0709251334921659
6359,1,exp,2.4495033822505996,"2024-01-10 19:09:00",mobile,search,0.13208224220939135
3160,0,exp,2.788650136695858,"2024-01-02 08:03:00",desktop,search,0.12784427876497018
6722,0,exp,6.388303747690989,"2024-01-08 17:24:00",mobile,search,0.08286316007218181
4129,1,exp,7.6828178191851695,"2024-01-10 04:00:00",mobile,search,0.0666869671958714
479,0,exp,4.615865035895786,"2024-01-05 16:04:00",desktop,direct,0.10501147896248536
9,0,exp,1.5211815860334819,"2024-01-03 04:54:00",mobile,direct,0.14368251196123585
8606,1,exp,2.6224857125471956,"2024-01-07 10:31:00",desktop,ads,0.1299206623543021
3003,1,exp,4.469588139648614,"2024-01-03 05:21:00",desktop,search,0.1068393488475235
9195,1,exp,1.1107518248786445,"2024-01-10 23:20:00",mobile,email,0.148811224831043
6964,1,exp,0.45896879257590706,"2024-01-05 20:41:00",mobile,social,0.15695587792999768
7238,0,exp,4.176274103590916,"2024-01-11 05:13:00",mobile,direct,0.11050458858888981
5297,0,exp,3.0835288088146817,"2024-01-05 13:57:00",mobile,direct,0.12415948739781364
4768,0,exp,5.852467737487349,"2024-01-08 09:36:00",desktop,search,0.08955894410573965
7951,1,exp,8.91966243895904,"2024-01-11 04:12:00",desktop,direct,0.05123140933979067
5451,0,exp,2.1006708634385323,"2024-01-05 08:57:00",desktop,direct,0.13644123855411247
3401,0,exp,15.537721437604086,"2024-01-01 14:15:00",mobile,search,0.03146757492487376
650,1,exp,11.925760491397668,"2024-01-12 04:52:00",mobile,direct,0.013667335706183288
3046,1,exp,4.445897475148713,"2024-01-07 23:36:00",mobile,email,0.10713538638528161
3281,0,exp,3.179202486582134,"2024-01-01 20:52:00",mobile,social,0.12296395318244127
7267,0,exp,3.355336676913171,"2024-01-13 05:48:00",mobile,email,0.12076298781817993
6489,0,exp,4.502737635994684,"2024-01-14 07:05:00",desktop,social,0.10642511414860853
644,1,exp,2.2255931713964445,"2024-01-01 06:59:00",mobile,social,0.13488021469768688
3755,0,exp,3.1473596501997827,"2024-01-12 01:52:00",mobile,social,0.12336185991392638
6840,0,exp,1.339195878826366,"2024-01-11 12:44:00",mobile,ads,0.1459565976319433
2935,1,exp,11.063498399004793,"2024-01-08 12:47:00",desktop,social,0.02444212620373164
4155,0,exp,8.337729985671675,"2024-01-08 03:58:00",mobile,direct,0.05850321256900974
1968,1,exp,4.293400511095984,"2024-01-06 18:36:00",mobile,direct,0.10904098197353303
7374,0,exp,1.1189841589614526,"2024-01-05 03:30:00",mobile,social,0.14870835393386378
965,0,exp,2.522987281701779,"2024-01-08 11:40:00",desktop,search,0.13116399052174949
2702,1,exp,5.995358170109255,"2024-01-13 06:40:00",mobile,ads,0.08777339132638405
614,0,exp,6.772501455101604,"2024-01-08 02:56:00",mobile,ads,0.07806224183223025
4967,0,exp,2.6747452645720693,"2024-01-06 23:48:00",mobile,email,0.12926762921097895
2989,1,exp,0.8675742474080281,"2024-01-10 08:47:00",desktop,search,0.1518499615145448
44,0,exp,3.187030015368764,"2024-01-06 17:27:00",mobile,email,0.12286614071505632
1252,0,exp,0.6525282438116825,"2024-01-13 10:35:00",desktop,search,0.15453716724529368
6129,0,exp,1.0905938148960335,"2024-01-08 04:16:00",mobile,email,0.14906311846793868
6887,0,exp,3.722160183453042,"2024-01-13 20:23:00",mobile,search,0.11617917685465413
6046,1,exp,9.502081183676445,"2024-01-04 05:20:00",mobile,search,0.04395352943350826
9572,1,exp,13.565953095878118,"2024-01-04 17:04:00",desktop,search,0.006828441441877585
9720,0,exp,5.299331353677265,"2024-01-14 19:58:00",mobile,search,0.09647091287336305
9882,0,exp,3.609409884934995,"2024-01-05 10:28:00",desktop,search,0.11758809979790522
250,1,exp,3.7154260427012615,"2024-01-02 09:34:00",mobile,direct,0.11626332639157749
1604,0,exp,0.04507855933872404,"2024-01-05 03:07:00",mobile,direct,0.16212783271202486
7268,1,exp,1.5463006734667095,"2024-01-01 15:27:00",mobile,search,0.14336862491114932
1530,0,exp,7.77518792435536,"2024-01-06 06:48:00",mobile,email,0.06553271428341491
5846,0,exp,5.3815700759986775,"2024-01-08 08:20:00",mobile,social,0.09544326129083758
4639,1,exp,5.179189119307099,"2024-01-09 18:52:00",desktop,email,0.09797220513318337
5656,1,exp,5.851604881806923,"2024-01-14 23:11:00",mobile,social,0.08956972631368808
4362,0,exp,1.459818022497266,"2024-01-07 06:56:00",mobile,email,0.14444930844587647
4841,0,exp,1.2661513626662195,"2024-01-03 10:10:00",mobile,search,0.14686935880463528
1121,1,exp,2.50034758129492,"2024-01-05 10:48:00",mobile,direct,0.13144689525682166
1079,0,exp,3.063867096402983,"2024-01-13 07:06:00",mobile,social,0.12440517932133446
2031,1,exp,0.8464606723039645,"2024-01-05 12:54:00",desktop,direct,0.1521137958526278
6918,0,exp,2.869012988175345,"2024-01-08 17:50:00",mobile,search,0.12684006798484168
8495,1,exp,12.262545099097416,"2024-01-03 02:07:00",mobile,direct,0.009458889547204514
1721,1,exp,13.359134925619449,"2024-01-01 15:06:00",mobile,search,0.00424405036718784
3118,0,exp,7.2831741730803,"2024-01-03 08:54:00",mobile,email,0.07168089722995938
429,1,exp,5.109134230903254,"2024-01-05 07:38:00",mobile,ads,0.098847608044363
2790,1,exp,6.631216705448807,"2024-01-07 12:21:00",mobile,ads,0.07982773006537622
2661,1,exp,0.37859582842654116,"2024-01-03 15:28:00",mobile,search,0.15796021507761965
4936,0,exp,0.06991890380554934,"2024-01-04 21:12:00",mobile,social,0.16181742882221195
6697,0,exp,9.370159616480255,"2024-01-02 22:47:00",mobile,social,0.04560201573620838
8676,1,exp,2.031642075023038,"2024-01-01 11:14:00",mobile,social,0.13730381936340272
3288,1,exp,0.08468930092248644,"2024-01-07 08:42:00",mobile,email,0.16163285856694426
412,1,exp,8.669190608251467,"2024-01-06 02:47:00",desktop,direct,0.05436129470204993
2196,0,exp,6.129858553312468,"2024-01-05 03:54:00",mobile,direct,0.08609268024834875
9745,1,exp,5.6799465846011765,"2024-01-11 22:05:00",mobile,email,0.09171476110748841
2135,1,exp,11.143489367125808,"2024-01-09 14:39:00",mobile,direct,0.023442562462261604
1438,0,exp,2.559021337164946,"2024-01-11 04:04:00",mobile,social,0.13071371049457678
785,0,exp,1.6179746677205975,"2024-01-11 23:04:00",mobile,email,0.14247298972200984
9611,1,exp,0.29315660785507536,"2024-01-14 12:33:00",mobile,social,0.1590278599503945
5698,1,exp,3.355910921596851,"2024-01-04 07:22:00",mobile,email,0.12075581208099333
9657,0,exp,3.585787610798045,"2024-01-06 22:03:00",mobile,email,0.11788328273259151
1190,1,exp,0.1839987854769921,"2024-01-11 23:16:00",desktop,direct,0.16039189146432603
6978,0,exp,10.141494303844809,"2024-01-01 14:04:00",desktop,ads,0.035963450231396334
1319,0,exp,6.61181342308147,"2024-01-03 13:45:00",mobile,direct,0.08007019265803485
5662,0,exp,0.7598531001216187,"2024-01-05 01:12:00",mobile,search,0.15319604039752757
4352,1,exp,30.612639412892975,"2024-01-10 03:19:00",mobile,social,0.21984310990949132
4772,0,exp,7.121568951199196,"2024-01-12 05:18:00",mobile,social,0.07370030922132563
806,0,exp,2.357301027805196,"2024-01-04 02:10:00",desktop,social,0.1332343989159131
9714,0,exp,5.068387151743336,"2024-01-06 06:33:00",mobile,email,0.09935678181554984
6149,0,exp,2.747900350350215,"2024-01-11 21:34:00",desktop,email,0.12835348636503488
1604,0,exp,2.146339034651057,"2024-01-04 08:22:00",desktop,direct,0.13587057102557068
9572,0,exp,5.171260124216377,"2024-01-01 10:41:00",desktop,search,0.09807128551919632
3046,1,exp,9.61388780223675,"2024-01-09 12:48:00",mobile,direct,0.042556398674943395
6515,0,exp,0.754299986338599,"2024-01-07 02:45:00",mobile,search,0.15326543187159208
3435,0,exp,3.388706840507939,"2024-01-14 09:49:00",mobile,email,0.1203459956706941
7632,0,exp,8.028055118429616,"2024-01-12 02:48:00",mobile,search,0.062372896562225326
7855,1,exp,0.3049898990921635,"2024-01-04 01:46:00",desktop,search,0.15887999164550093
6378,1,exp,1.6334431176292254,"2024-01-13 16:51:00",mobile,email,0.14227969662869436
8322,1,exp,3.5729699766523444,"2024-01-07 17:41:00",desktop,email,0.1180434513446789
2478,0,exp,4.1661350111789455,"2024-01-01 23:11:00",desktop,social,0.11063128625719516
7422,0,exp,2.506004158360838,"2024-01-08 00:49:00",desktop,ads,0.13137621090996676
9677,0,exp,7.023241059483625,"2024-01-13 06:02:00",mobile,search,0.07492901038150393
6118,0,exp,10.99689156751882,"2024-01-04 19:06:00",mobile,search,0.025274442342059424
1557,1,exp,0.6037085337168044,"2024-01-09 23:05:00",desktop,social,0.15514721626990471
9432,0,exp,3.611161601332038,"2024-01-07 20:09:00",mobile,direct,0.11756621042418024
2489,1,exp,1.352633585194555,"2024-01-04 00:16:00",mobile,social,0.14578868062369005
4150,0,exp,0.554717230890814,"2024-01-09 14:49:00",mobile,search,0.15575940950999845
3280,1,exp,6.130475924786567,"2024-01-08 18:44:00",desktop,search,0.08608496560062011
3952,0,exp,1.8817424448843854,"2024-01-14 04:34:00",mobile,ads,0.13917695877733866
9919,1,exp,2.7997330878570317,"2024-01-08 19:33:00",desktop,search,0.1277057866778081
7739,1,exp,0.6351553409957311,"2024-01-11 05:19:00",desktop,search,0.15475425830128184
8937,1,exp,1.877630526549362,"2024-01-02 02:08:00",mobile,email,0.1392283411342737
1466,1,exp,4.022192489443907,"2024-01-14 22:52:00",desktop,ads,0.11242998589744002
518,1,exp,5.901936453650782,"2024-01-09 09:56:00",mobile,ads,0.08894078512885074
8192,1,exp,4.686528997764336,"2024-01-09 10:16:00",mobile,search,0.10412846509515018
9408,0,exp,7.502908728454787,"2024-01-08 10:25:00",mobile,social,0.06893510355525233
2460,1,exp,0.3566042381910229,"2024-01-12 09:34:00",mobile,ads,0.15823502105550746
4078,0,exp,0.13300583576414066,"2024-01-14 12:10:00",desktop,direct,0.1610290971989342
3009,1,exp,3.934448274083379,"2024-01-09 13:35:00",MOBILE,direct,0.11352643388723599
2812,0,exp,2.1099464426369305,"2024-01-03 03:39:00",mobile,search,0.1363253313102618
5032,0,exp,3.489592507579438,"2024-01-13 12:40:00",mobile,search,0.11908533265826339
6725,0,exp,11.60063810063715,"2024-01-01 03:38:00",mobile,email,0.017730051297431253
8527,0,exp,0.4869746487159701,"2024-01-04 15:00:00",mobile,search,0.15660591794071388
2459,0,exp,0.4394497681873008,"2024-01-11 20:14:00",desktop,search,0.15719978683004007
6715,0,exp,0.5091055551937804,"2024-01-09 21:26:00",mobile,email,0.15632937107297729
6198,1,exp,4.459536522728999,"2024-01-03 00:42:00",mobile,search,0.1069649534257903
843,0,exp,6.928269836256316,"2024-01-08 03:05:00",desktop,search,0.07611576675476671
5623,0,exp,5.367822035193025,"2024-01-11 18:12:00",mobile,search,0.09561505622504554
5582,0,exp,3.7353941789392042,"2024-01-13 23:35:00",desktop,email,0.11601380540893375
1042,1,exp,10.290669669090985,"2024-01-14 21:08:00",mobile,search,0.03409936120080673
8463,1,exp,8.000731724528169,"2024-01-03 23:01:00",desktop,email,0.06271432853235065
9188,1,exp,1.5757298305383824,"2024-01-10 07:26:00",mobile,social,0.1430008794138531
550,0,exp,3.8205197497619716,"2024-01-01 22:23:00",desktop,email,0.11495007989010203
5186,0,exp,1.3525856328980124,"2024-01-01 08:04:00",desktop,direct,0.14578927983355172
4279,1,exp,12.615839059780178,"2024-01-05 15:40:00",mobile,email,0.005044143214286278
5838,1,exp,0.5464495744847638,"2024-01-08 23:32:00",desktop,email,0.15586272179342922
6350,0,con,2.3206274728170455,"2024-01-10 20:15:00",mobile,search,0.1336926701019988
4236,0,con,9.287254026144376,"2024-01-07 21:53:00",mobile,social,0.04663800047312947
2131,1,exp,2.179390196551282,"2024-01-09 22:44:00",mobile,search,0.13545756510971602
7944,1,exp,1.3690804481749153,"2024-01-05 15:21:00",mobile,ads,0.14558316132217058
3329,0,exp,1.0365595781834087,"2024-01-05 09:48:00",mobile,search,0.14973832799577236
2811,0,exp,15.796343482554729,"2024-01-05 00:24:00",mobile,email,0.03469930501828142
4070,1,exp,1.148491257629157,"2024-01-10 09:12:00",desktop,direct,0.14833963448169268
1914,0,exp,2.238241141838883,"2024-01-11 07:20:00",mobile,email,0.13472216619603206
7359,0,exp,2.241937900516051,"2024-01-11 14:33:00",mobile,email,0.13467597165655515
1054,0,exp,13.822715198085707,"2024-01-07 07:35:00",desktop,direct,0.010036929769735475
3193,0,exp,1.2092101152352333,"2024-01-06 21:15:00",mobile,search,0.14758089421498288
2802,1,exp,0.5166364859578649,"2024-01-12 14:07:00",desktop,ads,0.15623526488188944
4431,1,exp,2.1879563654193825,"2024-01-02 08:39:00",desktop,social,0.13535052262723338
3750,0,exp,10.280605104257974,"2024-01-06 04:52:00",mobile,search,0.03422512757564959
5453,0,exp,0.18661058562972757,"2024-01-03 05:14:00",desktop,email,0.16035925452050645
6016,0,exp,2.181967934484515,"2024-01-11 00:00:00",desktop,social,0.13542535380594514
3722,0,exp,1.7151562802917009,"2024-01-05 12:11:00",mobile,search,0.1412586124173533
561,0,exp,4.303925364383246,"2024-01-11 01:05:00",mobile,email,0.10890946385370827
1637,0,exp,1.556272983916168,"2024-01-01 09:13:00",mobile,ads,0.1432440113431665
6504,0,exp,8.307255621937175,"2024-01-03 00:03:00",mobile,search,0.05888401892438842
7607,1,exp,10.12848470658724,"2024-01-02 07:28:00",mobile,email,0.03612601760637947
8525,1,exp,1.4937986529842284,"2024-01-06 04:35:00",mobile,email,0.14402468793002432
9800,1,exp,2.565737064331652,"2024-01-06 19:48:00",mobile,social,0.1306297910530307
3425,1,exp,2.2390559004344985,"2024-01-12 08:36:00",mobile,email,0.13471198500721338
7726,0,exp,5.803868689955528,"2024-01-03 08:04:00",mobile,ads,0.0901662357403314
8355,0,exp,3.551181497362776,"2024-01-02 07:07:00",mobile,search,0.11831571925680963
8594,0,exp,5.807165917641295,"2024-01-06 00:34:00",mobile,search,0.09012503372316019
7906,0,exp,6.345635029542303,"2024-01-03 13:41:00",desktop,email,0.0833963465625854
3747,1,exp,17.11662710163369,"2024-01-07 13:56:00",mobile,email,0.0511975130671156
5016,1,exp,11.894862438090323,"2024-01-08 18:01:00",mobile,search,0.01405343646847568
3839,1,exp,0.09395238661299674,"2024-01-07 14:45:00",mobile,direct,0.16151710744143774
4147,0,exp,0.27424787134848044,"2024-01-05 10:26:00",mobile,ads,0.15926414271897418
9217,1,exp,3.167103274367988,"2024-01-07 08:28:00",mobile,direct,0.12311514442457396
3642,0,exp,1.2703015949239869,"2024-01-07 11:44:00",mobile,social,0.1468174976785483
558,0,exp,1.207185637771698,"2024-01-13 05:09:00",mobile,email,0.14760619199941413
1865,1,exp,5.623934399869537,"2024-01-05 01:22:00",mobile,search,0.09241468698979012
7650,0,exp,1.6941164192875893,"2024-01-05 14:35:00",desktop,direct,0.141521525627173
2655,1,exp,1.7540716344478413,"2024-01-10 02:48:00",desktop,search,0.14077232780404428
324,1,exp,1.6563015468905968,"2024-01-05 00:46:00",mobile,email,0.1419940586671428
3654,1,con,4.382941017516569,"2024-01-08 00:08:00",mobile,search,0.10792208760691557
7296,0,exp,2.2583375168225124,"2024-01-06 05:32:00",mobile,social,0.1344710427474668
5521,1,exp,1.4452443971468167,"2024-01-10 04:21:00",mobile,direct,0.14463141984950442
5714,1,exp,1.8010345034195456,"2024-01-02 13:07:00",mobile,direct,0.14018548178727264
2005,0,exp,0.21334713853033707,"2024-01-12 18:06:00",mobile,email,0.16002515569061215
2885,0,exp,4.681326969004258,"2024-01-05 17:07:00",desktop,direct,0.104193469425674
8409,1,exp,13.265534535882466,"2024-01-01 01:57:00",desktop,email,0.0030744238710188015
3387,0,exp,3.714662117659717,"2024-01-04 02:36:00",mobile,ads,0.11627287236646273
1711,1,exp,9.428341969381272,"2024-01-08 05:33:00",desktop,email,0.0448749715246008
8393,1,exp,7.2998798883893015,"2024-01-06 13:17:00",mobile,social,0.07147214332073133
6829,0,exp,8.651838832847169,"2024-01-10 11:43:00",mobile,search,0.0545781217507991
8968,1,exp,1.8460606276122682,"2024-01-09 00:25:00",mobile,search,0.13962283725103095
4350,1,exp,0.7694089150698434,"2024-01-01 06:34:00",desktop,social,0.15307663133964503
4847,0,exp,4.079134529259436,"2024-01-13 17:19:00",mobile,direct,0.11171844058548881
1184,1,exp,4.541574300924443,"2024-01-14 06:22:00",mobile,direct,0.10593981283253145
1381,1,exp,2.554583876254266,"2024-01-05 11:03:00",mobile,direct,0.1307691608177157
3349,1,exp,0.17532716301468337,"2024-01-06 02:12:00",mobile,email,0.16050025169044466
2604,0,exp,6.498314701256119,"2024-01-14 09:08:00",mobile,direct,0.08148846786715824
2970,1,exp,5.352977040669915,"2024-01-04 19:05:00",mobile,search,0.09580055864633356
7038,0,exp,6.7696086254853025,"2024-01-06 12:09:00",desktop,social,0.07809839050829491
6279,0,exp,3.681733149356547,"2024-01-08 22:45:00",mobile,email,0.11668435135631658
279,1,exp,3.1607368702555947,"2024-01-06 10:02:00",mobile,search,0.12319469874006453
2560,1,exp,0.34140953652106887,"2024-01-10 05:03:00",desktop,direct,0.158424893402455
1962,1,exp,3.221279369900196,"2024-01-12 02:00:00",mobile,email,0.12243816223495368
2131,0,exp,6.257663448745464,"2024-01-13 07:29:00",mobile,search,0.08449563570122032
4768,0,exp,10.5113289130644,"2024-01-01 07:14:00",mobile,direct,0.03134201265662688
7448,0,exp,7.01557812988288,"2024-01-10 00:58:00",mobile,social,0.07502476602445045
2935,0,exp,3.4588700117657,"2024-01-01 11:25:00",desktop,social,0.11946923966156929
2328,0,exp,0.8680004701857885,"2024-01-03 10:09:00",mobile,direct,0.15184463545281
2837,1,exp,4.512352926347792,"2024-01-03 23:30:00",desktop,email,0.10630496188859172
7201,1,exp,10.206250589081154,"2024-01-05 09:05:00",mobile,email,0.035154258440435404
7492,1,exp,1.1118423686125876,"2024-01-07 01:51:00",mobile,search,0.1487975974428448
5858,0,exp,4.080884794998128,"2024-01-07 19:35:00",mobile,email,0.11169656933912903
6814,1,exp,2.5239657206929254,"2024-01-06 06:08:00",mobile,direct,0.13115176398965764
6494,0,exp,1.4769734081125683,"2024-01-04 13:41:00",mobile,search,0.1442349354755925
2026,0,exp,2.8319547863987222,"2024-01-07 23:17:00",desktop,email,0.12730314570086523
650,1,exp,5.594496983584264,"2024-01-10 04:43:00",mobile,email,0.09278253569386885
7170,1,exp,3.0194606591324504,"2024-01-06 01:19:00",desktop,direct,0.12496008027610647
3900,1,exp,0.9676381244333423,"2024-01-06 05:05:00",desktop,search,0.15059956755564052
7989,1,exp,4.228024475478907,"2024-01-10 05:32:00",desktop,ads,0.10985791813893889
8244,0,exp,6.769944093736145,"2024-01-14 04:59:00",mobile,search,0.07809419851127533
7252,0,exp,9.834721698628904,"2024-01-06 00:21:00",mobile,direct,0.039796867681554195
1526,1,exp,8.073746022312477,"2024-01-01 01:58:00",desktop,email,0.06180194496720017
5877,0,exp,4.191175076706121,"2024-01-09 17:17:00",desktop,email,0.11031838666149166
4803,0,exp,0.3599706428132427,"2024-01-12 02:16:00",mobile,email,0.1581929546062754
6386,1,exp,2.0479669489500707,"2024-01-08 02:19:00",mobile,email,0.13709982443191437
7518,0,exp,2.3573597057663926,"2024-01-01 10:53:00",desktop,ads,0.1332336656786013
8434,1,exp,1.6063376981758588,"2024-01-08 01:52:00",mobile,email,0.142618404799371
9615,0,exp,0.6363796802377374,"2024-01-11 05:00:00",mobile,direct,0.1547389590100954
2774,0,exp,1.4056663965866276,"2024-01-03 19:51:00",desktop,social,0.14512598486414455
5022,0,exp,9.599813617191487,"2024-01-13 07:55:00",desktop,search,0.04273226909372246
6787,1,exp,2.454576367731853,"2024-01-12 01:08:00",desktop,search,0.13201885039820094
8870,1,exp,4.122757459954806,"2024-01-01 13:35:00",mobile,email,0.11117333029561478
3987,1,exp,0.30215794151655717,"2024-01-12 10:44:00",mobile,social,0.1589153796671295
3324,1,exp,0.5440315882287139,"2024-01-01 08:34:00",desktop,direct,0.15589293684702457
4657,0,exp,4.722941848051028,"2024-01-04 20:02:00",mobile,direct,0.10367345166394515
3316,0,exp,0.4170323029884634,"2024-01-14 22:16:00",desktop,search,0.1574799145233882
2608,1,exp,3.316867574879456,"2024-01-04 07:33:00",mobile,search,0.12124369608391364
3089,0,exp,0.00812019758667273,"2024-01-03 19:00:00",desktop,ads,0.16258966283134027
7623,0,exp,9.442183156644113,"2024-01-08 02:06:00",mobile,social,0.04470201263621852
8847,1,exp,0.602708223132643,"2024-01-08 12:10:00",desktop,social,0.1551597161084943
1363,1,exp,1.3664616945145789,"2024-01-08 22:53:00",mobile,email,0.14561588515672597
276,0,exp,10.96816679998196,"2024-01-03 08:20:00",Desktop,direct,0.02563338581763485
7292,0,exp,6.5175154983890895,"2024-01-01 20:20:00",desktop,email,0.08124853552139136
5630,0,exp,12.675231617717522,"2024-01-13 23:31:00",desktop,email,0.00430197633192634
6273,1,exp,3.521879626861994,"2024-01-06 18:33:00",mobile,email,0.11868187418652022
4476,1,exp,0.869632919379756,"2024-01-11 15:37:00",mobile,search,0.15182423643699094
3561,0,exp,6.42898282838214,"2024-01-07 01:24:00",mobile,search,0.08235483600697367
4376,1,exp,3.6912193633682175,"2024-01-13 09:20:00",mobile,social,0.11656581202878216
1194,1,exp,5.475070630730156,"2024-01-10 01:58:00",desktop,social,0.09427488232865863
2845,1,exp,3.7189951356509447,"2024-01-09 04:10:00",mobile,email,0.11621872715761096
640,0,exp,0.9106762819192207,"2024-01-05 04:46:00",mobile,search,0.15131136032127257
4664,0,exp,0.5534691601985539,"2024-01-04 09:51:00",desktop,email,0.15577500534837968
1399,1,exp,0.0027303343907275645,"2024-01-01 16:41:00",desktop,social,0.1626570143329998
3003,1,exp,3.379287617307668,"2024-01-06 15:28:00",mobile,social,0.12046369788389348
819,1,exp,0.7862378706083295,"2024-01-14 09:08:00",mobile,social,0.15286633742574174
5085,0,exp,14.492444726925296,"2024-01-07 17:00:00",desktop,ads,0.01840584152746169
2968,0,exp,2.973581826998151,"2024-01-02 08:08:00",mobile,search,0.12553338021458277
9582,0,con,0.3688093690243966,"2024-01-04 07:59:00",desktop,social,0.1580825062588059
9007,1,exp,4.51155519440389,"2024-01-11 11:37:00",mobile,social,0.10631493031309347
6289,0,exp,9.406797974681268,"2024-01-03 11:28:00",desktop,ads,0.045144184367680376
4423,0,exp,2.810030180039268,"2024-01-13 18:59:00",mobile,search,0.1275771146510817
3246,1,exp,1.9018629443596866,"2024-01-12 14:10:00",mobile,ads,0.13892553387014972
2961,1,exp,1.8794977952872882,"2024-01-01 19:49:00",mobile,search,0.13920500782340306
5066,1,exp,3.6233666812720604,"2024-01-07 12:43:00",mobile,search,0.11741369626343982
6447,0,exp,1.614598064880632,"2024-01-02 01:38:00",mobile,search,0.14251518360773788
7039,1,exp,2.6753208905407804,"2024-01-03 01:16:00",mobile,search,0.12926043621331323
5850,0,exp,11.72302935410374,"2024-01-08 05:33:00",mobile,search,0.016200655390468447
8136,1,exp,1.1681945369429976,"2024-01-13 21:25:00",mobile,ads,0.1480934231399275
3127,0,exp,10.948892909409008,"2024-01-11 00:40:00",mobile,ads,0.025874231535924424
1229,0,exp,8.915621169442932,"2024-01-04 10:04:00",mobile,ads,0.0512819088720841
6763,1,exp,14.459214602328466,"2024-01-06 12:58:00",mobile,email,0.017990599301348456
127,1,exp,5.3722936471427865,"2024-01-05 21:56:00",desktop,social,0.09555917915197219
345,0,exp,5.055195704505873,"2024-01-12 08:32:00",mobile,search,0.09952162158016095
1344,1,exp,1.6505048265243663,"2024-01-09 00:13:00",mobile,social,0.14206649423872827
5683,1,exp,2.627443111595678,"2024-01-06 00:47:00",mobile,email,0.12985871490626819
4384,1,exp,1.1226898399364529,"2024-01-11 20:36:00",mobile,email,0.148662047901732
4870,1,exp,1.0630258606917349,"2024-01-12 21:23:00",desktop,search,0.14940760645322518
1198,1,exp,0.46512219106814806,"2024-01-09 18:20:00",mobile,search,0.156878985323693
1377,0,exp,2.43499905052257,"2024-01-08 04:21:00",mobile,social,0.13226348772285554
3294,1,con,1.9786639662354033,"2024-01-03 03:20:00",desktop,search,0.13796583156152564
2337,0,exp,1.7464673959918997,"2024-01-04 13:07:00",mobile,search,0.14086735004493717
1801,1,exp,0.8341441014343487,"2024-01-03 06:53:00",desktop,email,0.15226770319929084
1993,0,exp,2.6226967611229375,"2024-01-10 09:47:00",desktop,social,0.1299180251002601
4564,0,exp,4.730148255948653,"2024-01-02 14:32:00",desktop,search,0.10358340069681833
6841,1,exp,0.7994896162844299,"2024-01-13 12:20:00",mobile,search,0.15270074417440152
510,0,exp,4.829852286670743,"2024-01-14 06:45:00",mobile,social,0.10233750336204119
2027,1,exp,13.551627027045917,"2024-01-11 12:41:00",mobile,search,0.006649423493991166
8605,1,exp,0.37143814052133267,"2024-01-10 17:12:00",mobile,search,0.15804965724178974
6946,0,exp,4.104616125649104,"2024-01-05 10:40:00",mobile,search,0.11140002363887364
8911,1,exp,1.992794864289173,"2024-01-03 22:46:00",mobile,social,0.13778925245940016
3716,0,exp,1.4051159510678644,"2024-01-01 11:37:00",desktop,direct,0.14513286320797678
1848,0,exp,2.792360845501287,"2024-01-09 06:53:00",mobile,direct,0.12779790990528278
8090,0,exp,17.771344588329963,"2024-01-14 07:13:00",mobile,direct,0.05937883498358403
4907,0,exp,2.677810647461098,"2024-01-11 00:42:00",desktop,direct,0.12922932431654435
264,0,exp,5.358403698057249,"2024-01-13 17:55:00",desktop,social,0.0957327473660206
6601,0,exp,1.020327283642222,"2024-01-06 01:31:00",desktop,direct,0.14994116605918578
2209,0,exp,0.05969310880203692,"2024-01-08 19:57:00",desktop,search,0.16194520992242006
1244,1,exp,6.5025291902883655,"2024-01-02 13:26:00",mobile,ads,0.08143580379114551
9590,0,exp,16.89035431027294,"2024-01-09 14:22:00",mobile,social,0.048370017873117566
4218,1,exp,13.579340032452551,"2024-01-03 19:16:00",mobile,email,0.006995724032943597
2319,0,exp,2.1398498680516993,"2024-01-01 01:56:00",mobile,social,0.1359516593758862
8942,0,exp,7.19405996973917,"2024-01-06 04:57:00",desktop,email,0.07279446453139551
7750,0,exp,2.9022305068317666,"2024-01-04 07:43:00",desktop,search,0.12642498328202456
1927,0,exp,7.909539094802266,"2024-01-06 11:36:00",mobile,search,0.06385386776164731
6382,0,exp,8.580287730309744,"2024-01-05 17:06:00",mobile,social,0.0554722212902673
6129,0,exp,3.160478630232066,"2024-01-02 19:19:00",mobile,email,0.12319792569643444
1497,1,exp,3.505215614943522,"2024-01-12 11:21:00",mobile,direct,0.11889010697195082
9098,0,exp,12.79040852803969,"2024-01-06 08:44:00",desktop,search,0.0028627305505974435
1000,1,exp,12.017762344064666,"2024-01-13 18:14:00",mobile,ads,0.012517684461371813
7703,0,exp,0.2261917418038316,"2024-01-09 21:34:00",mobile,email,0.15986465007344886
5514,1,exp,2.76867583104114,"2024-01-04 18:35:00",mobile,email,0.128093876840384
4463,0,exp,9.848729557560347,"2024-01-13 21:19:00",mobile,email,0.03962182607107744
5774,1,exp,17.60926600580355,"2024-01-07 23:14:00",mobile,search,0.05735350789769146
5477,0,exp,0.5875557446214495,"2024-01-11 22:50:00",mobile,ads,0.1553490608366426
62,1,exp,1.4609933158782362,"2024-01-07 08:01:00",mobile,search,0.1444346220296872
3882,0,exp,1.6754232608802995,"2024-01-08 07:43:00",mobile,email,0.14175511454097653
9221,0,exp,1.0533155339926588,"2024-01-01 00:37:00",desktop,social,0.14952894628338625
4459,1,exp,9.345835347273063,"2024-01-05 20:49:00",desktop,search,0.04590597077148789
4632,0,exp,3.103080808594909,"2024-01-03 04:14:00",mobile,ads,0.12391516643867763
9783,1,exp,3.3805443596222617,"2024-01-13 03:41:00",mobile,email,0.12044799368528773
5017,1,exp,0.7284245783051335,"2024-01-02 12:58:00",mobile,email,0.15358876987178813
5738,1,exp,1.8558545287548807,"2024-01-03 03:39:00",mobile,search,0.13950045307817174
3638,0,exp,0.30959426563764664,"2024-01-13 07:48:00",mobile,search,0.1588224556766358
977,1,exp,6.698005460891354,"2024-01-14 21:42:00",mobile,email,0.07899314061301103
3968,1,exp,1.0047697888510472,"2024-01-05 14:44:00",mobile,search,0.150135571853573
6911,0,exp,7.876169671924977,"2024-01-06 17:17:00",mobile,social,0.06427085065315899
2648,0,exp,3.4893480692183494,"2024-01-02 10:36:00",mobile,direct,0.11908838714964544
2508,0,exp,9.830396261356126,"2024-01-02 00:21:00",mobile,search,0.03985091816207008
4596,1,exp,2.0423497635659493,"2024-01-07 22:51:00",mobile,search,0.13717001654198596
5453,0,exp,18.4144217639533,"2024-01-12 16:26:00",mobile,search,0.0674147000670968
3478,1,exp,2.0085411818940666,"2024-01-02 21:32:00",mobile,ads,0.13759248714314956
1029,1,exp,1.4798995686342686,"2024-01-12 22:49:00",mobile,search,0.1441983702979491
4711,0,exp,8.46274833993779,"2024-01-01 23:33:00",mobile,search,0.056940988521994695
468,1,exp,5.203343467855468,"2024-01-10 11:14:00",mobile,email,0.0976703734192422
8206,1,exp,1.9937940704663366,"2024-01-09 07:39:00",mobile,direct,0.13777676642143355
9627,0,exp,5.265720677957978,"2024-01-04 23:40:00",mobile,social,0.09689091045014549
3515,0,exp,4.1224993270462695,"2024-01-09 08:38:00",mobile,social,0.1111765559134803
8693,1,exp,0.2721717350285729,"2024-01-11 10:12:00",mobile,search,0.15929008603028139
2918,1,exp,6.184365392090986,"2024-01-12 22:04:00",mobile,ads,0.08541156510516491
8513,1,exp,3.723961336895865,"2024-01-12 10:24:00",mobile,search,0.11615666971770404
3811,1,con,6.495414856390712,"2024-01-14 11:49:00",mobile,social,0.08152470420547787
3516,1,exp,7.191559661580344,"2024-01-01 00:17:00",mobile,direct,0.07282570827599281
6146,0,exp,1.2817842008565483,"2024-01-10 11:51:00",mobile,search,0.1466740115223311
181,1,exp,3.208816788435481,"2024-01-09 13:42:00",mobile,social,0.12259389412381391
2465,0,exp,0.25767159275005314,"2024-01-13 05:03:00",mobile,search,0.15947127919256238
1785,1,exp,1.5878746910300974,"2024-01-04 15:18:00",mobile,social,0.142849117752782
1526,1,exp,1.3498656688459638,"2024-01-11 01:00:00",mobile,social,0.1458232683888648
2277,0,exp,0.3319711848353909,"2024-01-10 14:34:00",mobile,social,0.15854283464439586
6805,1,exp,4.652172985757567,"2024-01-06 17:38:00",desktop,ads,0.1045577763625363
7194,0,exp,0.6670804693553085,"2024-01-11 04:32:00",desktop,search,0.1543553232527432
5553,1,exp,7.129002304158751,"2024-01-01 00:10:00",mobile,email,0.0736074223583403
6182,0,exp,12.131712982343592,"2024-01-01 08:57:00",mobile,email,0.011093762123431536
4252,0,exp,1.642431264932386,"2024-01-14 16:38:00",mobile,social,0.14216738112160313
2714,0,exp,9.995765546031791,"2024-01-05 02:29:00",mobile,direct,0.037784470601833535
813,0,exp,10.342375148182834,"2024-01-09 11:05:00",mobile,search,0.03345325172933039
5924,0,exp,4.418775488202556,"2024-01-09 20:16:00",mobile,search,0.10747430158264475
7180,0,exp,3.143002613384598,"2024-01-06 01:53:00",mobile,direct,0.12341630526098257
8126,0,exp,5.997841976173145,"2024-01-05 15:57:00",desktop,search,0.08774235379126444
9091,0,exp,7.478755382859861,"2024-01-10 23:31:00",desktop,email,0.06923692273632985
1075,1,exp,4.5901323516379975,"2024-01-08 15:01:00",mobile,direct,0.10533303349244018
8102,1,exp,1.531252418486201,"2024-01-13 10:48:00",mobile,ads,0.14355666726648322
7286,1,exp,2.110938142967439,"2024-01-07 06:55:00",mobile,direct,0.1363129390650363
2124,0,exp,5.499313975920195,"2024-01-06 20:25:00",desktop,email,0.09397193851646167
8759,0,exp,11.887459918567831,"2024-01-03 03:47:00",desktop,ads,0.014145938038140553
7423,0,exp,6.725924646704832,"2024-01-11 04:43:00",mobile,search,0.07864426365244846
836,0,exp,0.4029940186206055,"2024-01-03 04:56:00",mobile,search,0.15765533632882664
1911,1,exp,3.942898909241669,"2024-01-07 06:12:00",mobile,ads,0.11342083510908595
7048,0,exp,2.5775293326860154,"2024-01-07 20:07:00",mobile,email,0.13048243536833798
9505,0,exp,3.5311849383563256,"2024-01-09 22:09:00",desktop,search,0.11856559540916192
6382,0,exp,1.0812874413044868,"2024-01-04 11:24:00",mobile,search,0.1491794105172187
3392,0,exp,7.611975148283912,"2024-01-07 03:07:00",desktop,search,0.06757221420369187
7815,1,exp,9.90438235721609,"2024-01-10 00:54:00",mobile,email,0.03892639104942577
8898,0,exp,7.411810172107533,"2024-01-10 21:51:00",mobile,email,0.07007346724760345
1047,0,exp,1.310888917419157,"2024-01-07 21:02:00",mobile,social,0.14631032021986137
8538,0,exp,6.106222851819762,"2024-01-06 13:18:00",desktop,search,0.08638803097070252
9549,1,exp,1.0433546992857334,"2024-01-11 23:59:00",mobile,social,0.14965341645097763
2132,1,exp,3.4157168363205543,"2024-01-12 13:25:00",mobile,direct,0.1200084799097809
2014,0,exp,0.9541737346818631,"2024-01-11 09:57:00",mobile,social,0.15076781799831848
3670,1,exp,7.353841955064755,"2024-01-11 15:41:00",mobile,email,0.07079783562661802
2309,0,con,0.6875511209664465,"2024-01-10 06:29:00",mobile,social,0.15409952285933123
535,0,exp,1.2396681184777745,"2024-01-11 10:04:00",mobile,social,0.1472002922996171
5746,1,exp,12.38748589379721,"2024-01-13 19:52:00",desktop,ads,0.007897634681237258
7123,0,exp,11.035070387283028,"2024-01-08 21:27:00",mobile,search,0.02479736143124098
8379,1,exp,4.344252382579085,"2024-01-07 10:50:00",mobile,direct,0.10840553914649406
524,1,exp,0.6210047210970538,"2024-01-01 01:15:00",mobile,social,0.15493108384674398
7483,0,exp,2.3038254010037624,"2024-01-08 21:47:00",mobile,email,0.13390262807801337
5841,1,exp,6.2637078787807425,"2024-01-03 04:37:00",mobile,social,0.08442010476012736
6756,0,exp,11.906944370090924,"2024-01-13 01:14:00",mobile,direct,0.01390246115915779
6258,1,exp,0.6665571647623605,"2024-01-01 08:11:00",desktop,social,0.15436186244471875
1021,1,exp,7.413370155006298,"2024-01-03 09:29:00",mobile,email,0.07005397376753256
6329,1,exp,0.030810677065497095,"2024-01-01 03:57:00",mobile,search,0.16230612356314075
8584,0,exp,4.034944041225766,"2024-01-02 02:32:00",mobile,ads,0.1122706430477655
3932,0,exp,2.6676019164238607,"2024-01-01 18:39:00",desktop,email,0.1293568921861544
3905,1,exp,0.3580171600084965,"2024-01-09 22:08:00",desktop,search,0.15821736524446461
7731,1,exp,6.945633935547788,"2024-01-02 20:30:00",mobile,email,0.07589878570724666
6937,1,exp,6.199637239820817,"2024-01-12 14:33:00",mobile,search,0.08522072874432858
1493,0,exp,10.652065768735465,"2024-01-04 17:48:00",mobile,ads,0.02958337088341473
6653,1,exp,14.624560774928803,"2024-01-11 15:46:00",mobile,direct,0.020056758054072983
8786,0,exp,7.586655916740657,"2024-01-08 01:42:00",mobile,search,0.0678886022460798
3972,0,exp,0.9126476606592148,"2024-01-06 00:00:00",mobile,direct,0.15128672605623628
3500,0,exp,0.31648223791069796,"2024-01-04 09:40:00",desktop,direct,0.15873638386755384
5585,0,exp,4.518773589508128,"2024-01-06 19:03:00",mobile,search,0.10622472955434173
7422,0,exp,14.775097259295135,"2024-01-08 19:43:00",mobile,email,0.021937855571399142
354,1,exp,2.1730356569621327,"2024-01-14 18:30:00",mobile,search,0.13553697116662783
9503,1,exp,4.841886958449369,"2024-01-08 19:31:00",mobile,search,0.10218711861445058
6452,0,exp,12.195389179474263,"2024-01-06 13:41:00",desktop,email,0.010298067067581894
3751,1,exp,0.6148477850811045,"2024-01-10 10:11:00",mobile,social,0.15500802065779473
9398,0,exp,0.2975490664870908,"2024-01-09 00:20:00",mobile,email,0.15897297197381907
5735,0,exp,0.4947210654668297,"2024-01-07 11:30:00",mobile,social,0.15650911904588413
483,0,exp,6.722142136206344,"2024-01-01 15:59:00",desktop,direct,0.07869152974304382
5210,0,exp,0.21971071461141964,"2024-01-06 23:07:00",mobile,email,0.15994563671408077
4600,1,exp,0.17656483930568423,"2024-01-03 02:21:00",mobile,email,0.16048478574006025
7370,0,exp,5.913814005636777,"2024-01-13 09:30:00",mobile,direct,0.08879236374351804
3050,0,exp,10.544148033548941,"2024-01-01 21:21:00",mobile,search,0.030931906320450838
3139,1,exp,0.28582474263259594,"2024-01-14 07:12:00",desktop,email,0.1591194786269262
6544,0,exp,9.806961300802907,"2024-01-06 22:43:00",mobile,email,0.040143760434166856
3303,1,exp,1.0175636233551004,"2024-01-02 18:03:00",desktop,social,0.14997570064079718
6884,0,exp,1.7350863141056552,"2024-01-02 12:52:00",mobile,search,0.141009567560982
4510,0,exp,1.6873466960321728,"2024-01-10 14:16:00",mobile,social,0.14160611980155108
1898,1,exp,4.837583347629486,"2024-01-09 12:41:00",desktop,search,0.10224089635253776
5959,0,exp,5.431826871461736,"2024-01-07 10:49:00",mobile,search,0.09481525450847997
4099,1,exp,7.126135059634637,"2024-01-01 20:36:00",desktop,social,0.07364325132417925
2617,1,exp,3.3767544341927485,"2024-01-05 11:15:00",mobile,ads,0.12049535243254637
787,1,exp,1.6020433052314145,"2024-01-12 01:05:00",mobile,social,0.14267206735127805
6085,0,exp,5.873384447159605,"2024-01-14 23:52:00",desktop,social,0.08929756978973423
8061,1,exp,3.4428547739502187,"2024-01-04 06:24:00",mobile,email,0.11966936539335388
2052,1,exp,2.411159751867459,"2024-01-01 22:05:00",desktop,email,0.13256138258670663
6078,0,exp,1.7097194128456095,"2024-01-04 07:41:00",desktop,search,0.141326551282127
4232,0,con,0.5032699260752018,"2024-01-04 00:03:00",mobile,social,0.15640229284668022
2925,1,exp,5.9713263587541086,"2024-01-06 10:07:00",mobile,social,0.08807369182076126
1927,1,exp,5.07663849524321,"2024-01-04 07:05:00",mobile,search,0.09925367337750204
860,0,exp,7.335601755023169,"2024-01-03 06:30:00",desktop,direct,0.07102576439191496
8518,0,exp,0.3395452470406796,"2024-01-05 00:39:00",desktop,email,0.15844818948464995
9,1,exp,9.945184725965714,"2024-01-02 05:23:00",mobile,social,0.03841652638187339
4489,0,exp,3.3391669471415586,"2024-01-10 01:54:00",desktop,email,0.12096504407488909
2420,0,exp,1.7850186756788646,"2024-01-02 18:32:00",mobile,search,0.14038561489073748
8632,1,exp,5.862440708451775,"2024-01-11 07:28:00",mobile,search,0.08943432228398983
5901,0,exp,1.9385479900196232,"2024-01-12 13:29:00",desktop,search,0.13846711909711723
3608,0,exp,3.144542818200061,"2024-01-08 11:39:00",mobile,direct,0.12339705892700088
336,0,exp,0.7369661954228256,"2024-01-12 06:03:00",mobile,social,0.1534820341869362
856,0,exp,2.6339928239352832,"2024-01-07 20:24:00",mobile,email,0.12977686997895307
3269,1,exp,2.06433928556295,"2024-01-07 11:51:00",desktop,ads,0.13689523640871884
3780,0,exp,4.919137110002002,"2024-01-07 18:19:00",mobile,social,0.10122180400045241
9091,0,exp,0.048348050925394105,"2024-01-12 20:51:00",mobile,search,0.16208697728397037
4113,1,exp,5.794577358076357,"2024-01-02 02:58:00",desktop,search,0.09028233982901218
3294,0,exp,3.1715877343583623,"2024-01-13 21:25:00",mobile,search,0.12305910680293061
4128,0,exp,1.47941435709559,"2024-01-03 11:39:00",mobile,direct,0.14420443348073583
758,1,exp,0.25835210595081604,"2024-01-01 04:32:00",mobile,social,0.15946277552849814
1404,1,exp,3.737603748840474,"2024-01-09 02:48:00",mobile,direct,0.115986194717259
4748,1,exp,0.07205837622541952,"2024-01-14 08:46:00",desktop,email,0.16179069406568866
9526,0,exp,10.130054014465559,"2024-01-10 06:03:00",desktop,email,0.03610640760175998
3388,0,exp,0.8108603681569917,"2024-01-01 14:58:00",mobile,email,0.15255865574176908
8360,1,exp,2.397576221784293,"2024-01-06 01:03:00",mobile,direct,0.13273112180191102
1636,0,exp,14.91935258400133,"2024-01-03 03:08:00",mobile,search,0.023740463984290923
3101,0,exp,8.583994140541002,"2024-01-06 15:36:00",mobile,social,0.05542590614538026
594,1,exp,7.052100513412462,"2024-01-12 01:44:00",mobile,email,0.07456838387049272
3667,1,exp,8.530638967012463,"2024-01-12 10:10:00",desktop,search,0.05609263012849653
6554,0,exp,2.1654543695906483,"2024-01-03 05:17:00",mobile,direct,0.13563170661174379
1768,1,exp,5.122383735841076,"2024-01-14 04:08:00",mobile,search,0.09868204279319315
9176,0,exp,6.196266338990464,"2024-01-08 08:30:00",mobile,social,0.0852628513779866
575,1,exp,1.713868300999584,"2024-01-02 20:54:00",mobile,ads,0.14127470695190397
5346,1,exp,1.78954516734141,"2024-01-01 08:37:00",desktop,direct,0.1403290520431032
5007,1,exp,22.355641364905946,"2024-01-05 16:43:00",mobile,search,0.11666401286855421
8994,0,exp,0.4656969744162603,"2024-01-10 21:01:00",mobile,search,0.15687180285537852
9948,0,exp,0.6355459922040454,"2024-01-02 05:41:00",desktop,social,0.1547493767403686
2759,0,exp,1.6057140516277768,"2024-01-01 06:26:00",mobile,search,0.1426261978601577
3950,0,exp,1.528235568941653,"2024-01-02 08:33:00",mobile,social,0.14359436569030573
1474,0,exp,12.412074990398041,"2024-01-07 12:04:00",mobile,ads,0.007590370374090589
5520,1,exp,2.4444324127047383,"2024-01-02 03:47:00",mobile,search,0.13214560882953869
3176,1,exp,8.318023818586317,"2024-01-04 16:34:00",desktop,ads,0.058749459996245215
9320,1,exp,5.037576417298987,"2024-01-02 05:38:00",desktop,email,0.09974179144503753
7073,0,exp,7.619108615991525,"2024-01-07 20:29:00",mobile,social,0.06748307469408261
7405,1,exp,10.698473629295801,"2024-01-14 04:57:00",mobile,social,0.029003460228187613
5803,0,exp,3.454822890152905,"2024-01-12 23:54:00",desktop,search,0.11951981232141447
6799,0,exp,3.3240397250864135,"2024-01-10 19:42:00",mobile,email,0.12115407319943491
6588,0,exp,4.165146744399847,"2024-01-07 08:32:00",mobile,search,0.11064363559690801
2542,1,exp,2.118788044315586,"2024-01-05 05:43:00",mobile,social,0.1362148470310725
2944,0,exp,0.7966632040165302,"2024-01-11 20:58:00",desktop,social,0.15273606290210043
7095,0,exp,0.1554049617289007,"2024-01-08 12:12:00",mobile,direct,0.1607491986718765
6642,0,exp,5.337657193936013,"2024-01-11 17:06:00",desktop,search,0.09599199480068689
1925,0,exp,2.1672763192720232,"2024-01-03 23:52:00",mobile,search,0.1356089396058797
9699,0,exp,5.343050377370245,"2024-01-02 10:30:00",mobile,social,0.09592460180947068
2717,1,exp,5.94364510492246,"2024-01-09 23:40:00",desktop,search,0.08841959559338075
4488,0,exp,3.414913174618521,"2024-01-09 11:36:00",mobile,email,0.12001852243228851
4289,1,exp,5.43795004792209,"2024-01-12 12:10:00",desktop,social,0.09473873955540259
7983,0,exp,0.5970093637655602,"2024-01-13 23:35:00",desktop,social,0.15523092881318934
7044,1,exp,6.073169691387297,"2024-01-04 13:16:00",Desktop,direct,0.0868010618601312
1272,0,exp,3.300059821373897,"2024-01-07 04:40:00",mobile,search,0.12145372505811367
5229,1,exp,2.3017336496177543,"2024-01-13 04:35:00",mobile,social,0.13392876651452362
2326,0,exp,0.24418955678527252,"2024-01-05 17:27:00",mobile,social,0.15963975014157256
5943,1,exp,3.737292332232118,"2024-01-10 08:05:00",mobile,search,0.11599008616597524
2738,1,exp,1.1092436228571976,"2024-01-05 05:14:00",desktop,search,0.1488300712594694
5859,0,exp,7.543226074406561,"2024-01-09 14:39:00",desktop,email,0.0684312997119893
1080,1,exp,0.08858412555501038,"2024-01-11 19:13:00",mobile,email,0.1615841890036985
7823,0,exp,1.0515072437089976,"2024-01-08 03:45:00",mobile,email,0.14955154260199646
5874,1,exp,1.8668390272631774,"2024-01-10 07:46:00",mobile,ads,0.13936319125118005
5902,1,exp,4.207195632948705,"2024-01-09 21:10:00",mobile,search,0.1101181944708678
1885,0,exp,0.039227993406493716,"2024-01-07 01:38:00",mobile,search,0.162200941135517
1719,0,exp,5.450442895617088,"2024-01-04 12:33:00",mobile,direct,0.09458262946101374
2941,1,exp,2.1143733341203514,"2024-01-10 18:12:00",mobile,social,0.13627001306223716
9549,1,exp,13.028502262778925,"2024-01-04 08:13:00",mobile,social,0.0001124786499773053
8919,1,exp,5.298754739715711,"2024-01-14 16:03:00",desktop,search,0.0964781182169454
5950,0,exp,1.983659271208516,"2024-01-11 04:24:00",desktop,social,0.13790341044266688
2991,0,exp,3.662179997937178,"2024-01-03 07:45:00",mobile,ads,0.1169286867062864
7107,0,exp,0.835673041027917,"2024-01-12 06:25:00",mobile,search,0.15224859763504367
6559,1,exp,1.1156690849698923,"2024-01-02 07:46:00",mobile,ads,0.1487497789577145
1473,0,exp,9.643355207270087,"2024-01-08 01:08:00",mobile,ads,0.04218817523274209
7687,1,exp,5.878996862075266,"2024-01-03 00:16:00",mobile,direct,0.08922743729123397
4017,1,exp,4.016154338490724,"2024-01-08 21:55:00",desktop,email,0.11250543837538969
7023,0,exp,0.18646033300041387,"2024-01-10 18:10:00",mobile,search,0.1603611320709831
3064,0,exp,2.288222887255289,"2024-01-09 23:43:00",desktop,email,0.13409759642737962
4250,0,exp,1.7424060649709892,"2024-01-08 06:05:00",mobile,social,0.14091810026494286
2058,1,exp,9.10484446600082,"2024-01-12 12:29:00",mobile,social,0.04891738259213518
7540,1,exp,4.953655642272022,"2024-01-10 08:30:00",mobile,email,0.10079046188675682
1527,1,exp,5.199730869546935,"2024-01-04 16:52:00",mobile,search,0.09771551629432584
5012,1,exp,0.42429157495961267,"2024-01-06 23:40:00",mobile,email,0.15738920296904305
478,1,exp,5.859168150057361,"2024-01-08 12:24:00",mobile,email,0.08947521603474368
7354,1,exp,44.46682606502843,"2024-01-05 22:58:00",mobile,ads,0.39296443810847614
5338,0,exp,3.204529389050077,"2024-01-07 10:38:00",mobile,ads,0.12264746928450415
4625,0,exp,2.1792451475495573,"2024-01-12 21:51:00",mobile,direct,0.1354593776358832
7111,1,exp,4.936239694759743,"2024-01-12 16:12:00",mobile,email,0.10100809082744278
1679,1,exp,4.415047867061565,"2024-01-02 20:05:00",mobile,email,0.10752088177815924
7063,0,exp,5.714319898081882,"2024-01-05 04:57:00",mobile,social,0.09128523364161856
275,1,exp,3.4727337951886024,"2024-01-02 16:30:00",mobile,direct,0.11929599841253025
188,0,exp,13.804956551229171,"2024-01-09 17:49:00",mobile,direct,0.009815018472593667
115,1,exp,2.9926068314093324,"2024-01-08 18:41:00",desktop,search,0.12529564456720374
12,0,exp,0.0645070387440854,"2024-01-11 09:14:00",desktop,social,0.16188505525824887
9711,1,exp,6.8775453217848925,"2024-01-05 14:32:00",mobile,search,0.07674961813399495
8520,1,exp,0.34328191961359755,"2024-01-11 14:45:00",desktop,search,0.15840149618282637
3467,0,exp,6.743745333496861,"2024-01-04 19:28:00",mobile,email,0.07842157710690674
1772,0,exp,3.163393689597327,"2024-01-10 05:12:00",mobile,email,0.12316149923837058
8459,0,exp,1.4288327378974663,"2024-01-07 08:51:00",mobile,social,0.1448364992466958
6981,1,exp,3.290758072845714,"2024-01-01 12:44:00",desktop,direct,0.12156995931279824
9527,0,exp,12.868013657952204,"2024-01-13 09:58:00",mobile,direct,0.0018929801420854828
6690,1,exp,4.3829957136342115,"2024-01-13 18:59:00",desktop,email,0.10792140412655173
4870,0,exp,2.1887434847388016,"2024-01-03 14:17:00",mobile,email,0.13534068681763659
4280,0,exp,8.1536050277524,"2024-01-05 11:35:00",mobile,email,0.060804030225790326
6790,1,exp,1.0626619880194625,"2024-01-08 05:20:00",mobile,direct,0.14941215339068897
1110,1,exp,10.000696256267718,"2024-01-02 10:07:00",mobile,email,0.037722856656068164
5176,1,exp,14.800466320910328,"2024-01-07 16:04:00",mobile,email,0.022254866288250356
2553,0,exp,1.8684200851585688,"2024-01-11 19:25:00",mobile,email,0.13934343441884608
7236,0,exp,0.8514444913181025,"2024-01-08 15:27:00",mobile,search,0.15205151826182473
8521,0,exp,21.79836618242302,"2024-01-06 00:43:00",mobile,social,0.10970032584843563
895,1,exp,0.005281012243519228,"2024-01-11 12:43:00",mobile,search,0.16262514117084523
8911,0,exp,20.944627815198267,"2024-01-10 16:41:00",mobile,search,0.09903204745869701
1872,1,exp,0.36359912409748707,"2024-01-13 04:48:00",desktop,ads,0.15814761325820162
2624,1,exp,7.5987524067185905,"2024-01-10 17:44:00",mobile,email,0.06773744502089525
7506,1,exp,5.441469560109685,"2024-01-04 11:41:00",mobile,direct,0.09469475988053405
9656,1,exp,6.578671439902415,"2024-01-12 23:02:00",mobile,search,0.08048433347273377
5760,0,exp,10.105071641853684,"2024-01-10 05:13:00",desktop,email,0.03641858626924337
9834,1,exp,0.9104277038823385,"2024-01-09 13:36:00",mobile,social,0.15131446654186761
1890,0,exp,0.756372938073203,"2024-01-03 06:02:00",desktop,social,0.15323952835472762
9947,1,exp,0.46131984153212546,"2024-01-06 05:00:00",mobile,social,0.1569264993220591
4065,0,exp,2.2016530072842917,"2024-01-03 18:41:00",desktop,email,0.1351793699720067
484,0,exp,1.8382365347917284,"2024-01-01 20:33:00",mobile,social,0.13972060678272952
225,0,exp,1.3800151148027187,"2024-01-01 18:18:00",mobile,social,0.14544652219224186
9670,0,exp,4.333316511734884,"2024-01-10 02:08:00",mobile,ads,0.10854219332425981
7674,0,exp,0.19453843635841708,"2024-01-08 07:09:00",mobile,social,0.16026018843439288
9359,0,exp,3.7820393938875934,"2024-01-01 17:05:00",desktop,email,0.11543092878335084
3775,0,exp,7.7671023217759565,"2024-01-10 01:03:00",desktop,email,0.06563375162995735
799,1,exp,11.776355519442358,"2024-01-03 20:45:00",mobile,direct,0.015534293892461836
2666,0,exp,4.9137052618372055,"2024-01-04 14:42:00",mobile,search,0.10128968014450017
935,0,exp,2.251085485883229,"2024-01-11 00:44:00",mobile,direct,0.13456166381818518
6678,1,exp,1.168555460327615,"2024-01-07 15:36:00",mobile,email,0.14808891305663702
581,0,exp,1.9328031303967788,"2024-01-08 20:43:00",desktop,search,0.13853890661905524
2873,1,exp,8.555372914894685,"2024-01-03 05:29:00",mobile,search,0.05578355576588754
2621,0,exp,4.757913760698323,"2024-01-02 14:29:00",mobile,social,0.10323644412830428
4484,0,exp,3.965212063919024,"2024-01-05 01:30:00",mobile,search,0.11314201087558556
4555,0,con,1.1367789134399866,"2024-01-08 08:58:00",mobile,search,0.1484859914374105
9326,0,exp,8.663154029496031,"2024-01-03 16:28:00",mobile,direct,0.05443672753388332
2963,0,exp,11.094823154599116,"2024-01-04 14:45:00",mobile,ads,0.024050693387777638
6838,1,exp,3.966126486273907,"2024-01-11 21:38:00",mobile,direct,0.1131305842926625
5298,1,exp,6.439249982244774,"2024-01-06 18:05:00",mobile,email,0.08222653808821793
5979,1,exp,3.3377391773055964,"2024-01-13 22:20:00",mobile,social,0.12098288542614055
3997,0,exp,7.347573837488852,"2024-01-07 13:15:00",desktop,email,0.07087616175772155
2049,1,exp,0.11618040944239552,"2024-01-02 11:29:00",mobile,email,0.16123934701189496
8251,0,exp,4.954317416873012,"2024-01-10 01:58:00",mobile,direct,0.10078219237943975
5111,1,exp,3.68700892797507,"2024-01-04 09:02:00",mobile,search,0.11661842545069281
801,1,exp,0.8283247149348247,"2024-01-07 04:18:00",desktop,email,0.15234042200591566
8672,1,exp,8.553150151668751,"2024-01-10 02:40:00",mobile,email,0.055811331320787125
955,1,exp,0.7632386533008304,"2024-01-06 03:28:00",mobile,ads,0.15315373466874033
8758,1,exp,7.5377837380989945,"2024-01-08 21:18:00",desktop,ads,0.06849930691542382
923,1,exp,0.06420861163173194,"2024-01-13 17:59:00",desktop,social,0.16188878439077453
8343,0,exp,4.0001282342243,"2024-01-11 21:36:00",desktop,email,0.1127056998938839
8945,1,exp,5.095434559532894,"2024-01-14 01:33:00",mobile,direct,0.09901879855616116
9697,0,exp,4.877668497330898,"2024-01-11 06:36:00",mobile,search,0.10173999402376094
1649,1,exp,9.343091679775313,"2024-01-09 23:42:00",mobile,social,0.0459402555240521
9154,0,exp,0.5631273775941776,"2024-01-01 11:31:00",mobile,email,0.15565431667386215
824,1,exp,7.417033989266058,"2024-01-02 04:44:00",mobile,email,0.07000819065017772
6654,0,exp,4.54089951390413,"2024-01-09 04:32:00",desktop,email,0.10594824494248792
800,1,con,0.5758983636772548,"2024-01-10 17:31:00",desktop,direct,0.15549473097398475
4037,0,exp,2.852947058289876,"2024-01-08 14:23:00",mobile,ads,0.12704082716258058
7785,1,exp,1.038057098833496,"2024-01-05 02:25:00",mobile,email,0.14971961504130898
6814,0,exp,1.6325419471020794,"2024-01-09 13:02:00",desktop,search,0.14229095761734065
712,1,exp,12.270759078608268,"2024-01-14 05:21:00",desktop,social,0.009356248007977177
3118,0,exp,13.963119441501629,"2024-01-10 13:04:00",mobile,social,0.011791415234329056
3452,1,exp,3.9984659933381286,"2024-01-06 16:12:00",desktop,direct,0.11272647118542385
7907,1,exp,11.564635813795551,"2024-01-06 22:07:00",desktop,email,0.01817993434525765
9178,1,exp,0.2083452306481358,"2024-01-12 10:27:00",mobile,email,0.1600876593191425
2170,0,exp,0.28480038379390915,"2024-01-08 00:11:00",mobile,direct,0.15913227897148327
3316,1,exp,9.607802098893165,"2024-01-07 13:22:00",mobile,search,0.04263244536554461
69,1,exp,2.065884092341364,"2024-01-04 06:46:00",mobile,email,0.1368759325688035
395,0,exp,11.460680114112193,"2024-01-11 15:21:00",desktop,ads,0.019478960354862022
1766,1,exp,11.808973532739575,"2024-01-06 01:51:00",MOBILE,search,0.01512670058316021
7647,0,exp,2.6230468955573554,"2024-01-05 07:57:00",mobile,email,0.12991364983523326
2936,1,exp,5.791864264566885,"2024-01-14 02:14:00",mobile,email,0.09031624253031695
1738,0,exp,1.161190012895517,"2024-01-07 13:04:00",desktop,direct,0.14818095137503431
9883,1,exp,4.473017761466254,"2024-01-12 23:35:00",mobile,social,0.10679649243890145
4199,1,exp,2.7898656534222903,"2024-01-12 22:39:00",mobile,email,0.12782908971956378
1347,1,exp,9.537076712016674,"2024-01-13 07:59:00",desktop,search,0.043516226797171126
4138,0,exp,0.8501698122735334,"2024-01-07 22:25:00",mobile,email,0.1520674465970467
6648,0,exp,1.7965379272479884,"2024-01-01 00:47:00",mobile,email,0.14024167081220162
827,1,exp,15.051421559606455,"2024-01-10 04:09:00",mobile,direct,0.02539079229621057
4189,1,exp,0.19339279150099506,"2024-01-09 13:33:00",mobile,email,0.16027450436389065
8462,0,exp,11.849974082564254,"2024-01-10 18:17:00",mobile,search,0.014614359453308105
9744,0,exp,7.72659807992905,"2024-01-03 16:46:00",mobile,social,0.06613989091639091
3333,1,exp,1.6508404648857282,"2024-01-05 03:58:00",mobile,direct,0.14206230011601487
7435,1,exp,1.941438759816595,"2024-01-14 16:54:00",desktop,email,0.13843099616046745
7172,0,exp,1.231806653709231,"2024-01-14 01:38:00",mobile,email,0.14729852882959124
3557,1,exp,8.91853993748731,"2024-01-10 03:26:00",mobile,email,0.05124543607052346
6268,0,exp,1.1028150714011327,"2024-01-08 15:40:00",desktop,social,0.1489104021655279
668,0,exp,0.5573737266064966,"2024-01-03 19:29:00",mobile,email,0.15572621405232193
4535,1,exp,5.347740294272594,"2024-01-04 21:08:00",desktop,email,0.09586599680697837
672,1,exp,1.8261861915028,"2024-01-10 18:33:00",mobile,direct,0.13987118736084753
9755,1,exp,6.952450672600902,"2024-01-08 10:36:00",mobile,search,0.07581360405044861
6756,1,exp,2.517442388790629,"2024-01-13 01:27:00",mobile,ads,0.13123327926814815
4517,0,exp,0.862472822668518,"2024-01-02 09:20:00",Desktop,search,0.15191370870149892
2315,1,exp,1.4420774279728823,"2024-01-10 08:31:00",mobile,search,0.14467099416184215
8025,1,exp,0.8354566752891003,"2024-01-02 14:45:00",mobile,search,0.15225130133212972
3180,1,exp,10.973814512298608,"2024-01-10 13:00:00",mobile,ads,0.02556281224431049
1823,1,exp,2.017385732712369,"2024-01-11 15:32:00",mobile,social,0.13748196601163643
9574,1,exp,1.297763789207456,"2024-01-14 14:16:00",desktop,social,0.14647433126474227
2403,1,exp,2.489513903144545,"2024-01-07 11:03:00",mobile,direct,0.13158227243902412
3290,0,exp,11.465693436741686,"2024-01-04 02:07:00",mobile,social,0.01941631408813412
9241,0,exp,0.2576613618178893,"2024-01-04 21:53:00",desktop,search,0.1594714070378563
6337,0,exp,0.8759237829889498,"2024-01-06 23:39:00",mobile,social,0.15174562607242115
3959,1,exp,0.07243502026592955,"2024-01-06 15:40:00",mobile,ads,0.1617859875377496
783,1,exp,4.968617326374054,"2024-01-04 05:39:00",desktop,search,0.10060350131744485
2038,0,exp,1.5876217693045982,"2024-01-11 11:53:00",mobile,social,0.14285227825192556
7839,1,exp,6.774418873941562,"2024-01-10 11:40:00",mobile,search,0.07803828184781382
3083,1,exp,3.6239038665013297,"2024-01-11 05:15:00",mobile,email,0.1174069836196221
1896,1,exp,14.035502887867375,"2024-01-10 17:54:00",mobile,ads,0.012695915706937202
231,1,exp,0.07345936630303211,"2024-01-01 22:42:00",mobile,ads,0.1617731873531605
5468,1,exp,11.088685553685437,"2024-01-11 17:56:00",mobile,search,0.024127388588211333
6644,0,exp,0.21497434369272636,"2024-01-10 05:57:00",mobile,direct,0.16000482220398904
6816,0,exp,4.576129681725264,"2024-01-03 12:12:00",mobile,ads,0.10550801026115947
4146,0,exp,0.8975649342144371,"2024-01-11 01:04:00",mobile,search,0.1514751991655241
283,0,exp,3.841060858723704,"2024-01-01 00:42:00",desktop,social,0.11469339906462844
8978,0,exp,5.619876073308713,"2024-01-09 01:13:00",desktop,ads,0.09246539966619012
4041,0,exp,2.4693377657680076,"2024-01-01 03:27:00",mobile,direct,0.1318343925950647
3271,0,exp,1.8703614070926458,"2024-01-01 16:21:00",mobile,search,0.13931917574238042
4230,1,exp,18.934179823776383,"2024-01-07 22:17:00",mobile,email,0.07390957471531946
1335,1,exp,4.020238329161681,"2024-01-07 11:55:00",mobile,social,0.11245440500135907
3986,1,exp,4.455220403953566,"2024-01-07 13:25:00",mobile,search,0.107018887462759
5923,1,exp,0.7492581879749607,"2024-01-13 12:05:00",mobile,ads,0.15332843396988488
7658,1,exp,3.1160119118710816,"2024-01-06 07:25:00",mobile,email,0.12375357992115339
519,0,exp,0.30022878205874615,"2024-01-02 14:48:00",desktop,direct,0.15893948636180816
9623,1,exp,4.991740306195994,"2024-01-04 01:01:00",mobile,search,0.10031455754332042
6557,0,exp,3.9627673759519997,"2024-01-05 21:03:00",mobile,search,0.11317255959262758
3914,0,exp,1.0225647196021543,"2024-01-07 04:24:00",desktop,email,0.1499132071544251
9899,0,exp,1.842876918067745,"2024-01-13 04:03:00",mobile,ads,0.13966262075032881
7753,1,exp,3.427397994209892,"2024-01-02 10:11:00",mobile,email,0.11986251265674172
9066,1,exp,3.593243748835046,"2024-01-07 05:39:00",desktop,social,0.1177901111482458
2070,0,exp,1.4628894215479744,"2024-01-06 02:27:00",mobile,search,0.14441092837374098
3153,1,exp,5.137505127568928,"2024-01-13 11:01:00",mobile,social,0.09849308652416965
9555,1,exp,5.224457680689463,"2024-01-12 06:32:00",mobile,social,0.09740653111211306
8313,1,exp,5.01019142932889,"2024-01-10 13:05:00",desktop,email,0.1000839930920296
2902,1,exp,4.264101960756522,"2024-01-08 11:27:00",mobile,social,0.10940709541464874
9571,0,exp,6.0306996653158205,"2024-01-06 03:01:00",desktop,search,0.08733176550277386
9146,0,exp,1.3886626931192394,"2024-01-09 15:12:00",mobile,email,0.14533846242074813
7017,0,exp,2.253588582193579,"2024-01-10 19:07:00",desktop,email,0.13453038523296482
7647,0,exp,9.98136843954633,"2024-01-08 08:48:00",mobile,social,0.03796437623321905
7183,1,exp,8.966478175360407,"2024-01-02 18:45:00",mobile,direct,0.05064640188537119
2975,0,exp,14.653084806825163,"2024-01-06 15:56:00",desktop,search,0.02041319314560735
3324,1,con,4.483289882355778,"2024-01-05 11:44:00",mobile,search,0.10666813245238858
7697,0,exp,1.3665142758451787,"2024-01-03 02:09:00",MOBILE,email,0.14561522810265123
8511,1,exp,15.093376789498434,"2024-01-03 20:32:00",mobile,email,0.025915063067650883
9464,1,exp,20.89732015698878,"2024-01-04 02:05:00",mobile,search,0.09844089297024873
1786,0,exp,5.547118905373525,"2024-01-03 18:53:00",mobile,search,0.09337457014766296
538,0,exp,18.571152957140168,"2024-01-05 14:16:00",desktop,ads,0.0693732064028361
7331,1,exp,0.6099832910484919,"2024-01-10 22:36:00",desktop,email,0.1550688071686948
5043,1,exp,0.3662755227495728,"2024-01-07 10:35:00",mobile,email,0.15811416909427678
3218,0,exp,10.35100281932152,"2024-01-04 22:55:00",desktop,search,0.03334544071708571
962,0,exp,1.2052099910806822,"2024-01-07 23:46:00",mobile,search,0.1476308795965852
5154,1,exp,7.292891870633657,"2024-01-05 03:46:00",mobile,search,0.07155946529391616
2885,1,exp,10.458848577476893,"2024-01-14 23:06:00",mobile,search,0.03199780470197494
8963,0,exp,4.662262500671327,"2024-01-11 09:48:00",mobile,email,0.10443169821254368
6159,1,con,4.0861616337282625,"2024-01-06 13:47:00",mobile,direct,0.11163063018639556
3907,0,exp,5.621073769058137,"2024-01-09 07:05:00",mobile,social,0.0924504333109558
1055,0,exp,0.4355745369425684,"2024-01-03 09:17:00",mobile,search,0.15724821155514387
3553,0,exp,3.532694684735429,"2024-01-08 15:30:00",mobile,search,0.11854672968250783
4598,0,exp,2.0961519070624215,"2024-01-13 17:45:00",mobile,direct,0.1364977072411274
2334,0,exp,11.508032507737848,"2024-01-10 23:58:00",mobile,ads,0.018887246854552644
7875,0,exp,6.3102363695072015,"2024-01-08 19:58:00",desktop,search,0.08383868671546596
2370,0,exp,4.9975319428051455,"2024-01-08 16:55:00",mobile,ads,0.10024218549814749
8226,0,exp,5.393633890606364,"2024-01-05 02:52:00",desktop,direct,0.09529251237569233
4021,0,exp,15.019770929192838,"2024-01-14 20:14:00",mobile,ads,0.024995287362350304
5424,0,exp,0.38913441950791805,"2024-01-14 08:09:00",mobile,email,0.15782852529090288
5056,0,exp,5.823916679609428,"2024-01-06 04:44:00",mobile,search,0.08991571691279217
9010,1,exp,0.3147137909581124,"2024-01-13 00:42:00",mobile,email,0.15875848230559053
9882,1,exp,1.2472219180896962,"2024-01-12 13:54:00",desktop,email,0.1471059003403776
2379,1,exp,12.864153867915498,"2024-01-14 04:32:00",mobile,social,0.0019412119145093697
2247,0,exp,1.1137958607116618,"2024-01-10 07:07:00",mobile,social,0.14877318668851403
4097,1,exp,2.170039029125721,"2024-01-11 18:22:00",mobile,search,0.13557441690084404
3745,0,exp,10.619968021619604,"2024-01-13 10:15:00",desktop,search,0.029984462968603035
6433,0,exp,9.244036926387544,"2024-01-13 22:36:00",mobile,ads,0.047178039516825886
931,0,exp,8.965285675973355,"2024-01-11 19:56:00",mobile,direct,0.050661303307081934
5356,1,exp,0.260494296763893,"2024-01-04 22:37:00",mobile,email,0.15943600680304876
3985,0,exp,4.568077456516972,"2024-01-13 11:09:00",mobile,direct,0.10560863052548958
3856,1,exp,4.676112900920885,"2024-01-01 07:12:00",mobile,email,0.10425862419907056
7325,1,exp,9.087516814461463,"2024-01-01 00:09:00",mobile,direct,0.049133908190092265
5054,0,exp,1.1600489699870384,"2024-01-02 01:52:00",mobile,social,0.1481952097987735
3298,1,exp,1.5733403150246807,"2024-01-13 09:58:00",mobile,email,0.14303073869826086
1326,0,con,7.741133670141936,"2024-01-07 00:43:00",mobile,social,0.06595825479822709
6737,1,exp,16.33683191457713,"2024-01-14 13:27:00",mobile,ads,0.041453225517359
9707,0,exp,3.8610888998503152,"2024-01-03 15:43:00",mobile,search,0.11444312951303925
8324,0,exp,3.153681319139831,"2024-01-13 09:17:00",mobile,direct,0.12328286460725012
2499,0,con,3.4872764634089854,"2024-01-04 19:12:00",mobile,search,0.11911427384788525
7523,0,exp,7.365396301813076,"2024-01-02 07:07:00",desktop,search,0.07065345300021299
116,1,exp,3.9587547921934174,"2024-01-02 06:15:00",desktop,email,0.11322270066891287
8013,0,exp,0.7397817204183137,"2024-01-02 00:14:00",mobile,email,0.1534468515061311
9714,1,exp,0.8173007996738029,"2024-01-11 16:21:00",mobile,search,0.1524781763829759
4529,0,exp,4.296813804275569,"2024-01-08 00:10:00",desktop,email,0.10899832960687886
3504,0,exp,1.3555772155461536,"2024-01-01 00:00:00",mobile,social,0.14575189714379394
3933,0,exp,5.591678373404106,"2024-01-08 17:20:00",mobile,email,0.0928177569270106
9152,0,exp,22.05669933960475,"2024-01-11 08:38:00",mobile,email,0.11292844601254826
3962,1,exp,2.190549063590031,"2024-01-11 06:05:00",desktop,search,0.13531812438097093
2353,1,exp,13.382636526415961,"2024-01-01 04:49:00",mobile,search,0.004537725372935467
9879,1,exp,3.6640744380255534,"2024-01-08 23:21:00",mobile,direct,0.11690501386337417
2333,0,exp,5.285040813704605,"2024-01-02 22:58:00",mobile,search,0.0966494868541291
2030,1,exp,4.877416776908245,"2024-01-09 04:13:00",mobile,direct,0.10174313951147514
3151,0,exp,3.451066514250749,"2024-01-01 15:33:00",mobile,direct,0.11956675183520364
9662,0,exp,1.5608434965513212,"2024-01-14 22:02:00",mobile,email,0.1431868984113275
8857,1,exp,12.895044984782324,"2024-01-14 19:19:00",mobile,search,0.0015551978296832016
5298,0,exp,1.1646942534592362,"2024-01-06 17:27:00",desktop,direct,0.14813716253372933
9919,0,exp,3.3772564019220797,"2024-01-11 09:48:00",mobile,email,0.12048907986511265
3700,1,exp,11.92237473857162,"2024-01-02 04:56:00",desktop,social,0.01370964392974895
8744,0,exp,0.21071864691537626,"2024-01-08 16:33:00",desktop,search,0.16005800121023503
2620,0,exp,12.928561763573594,"2024-01-10 08:52:00",mobile,email,0.0011363735849266976
6865,0,exp,1.503055844032335,"2024-01-12 08:22:00",desktop,email,0.143909010463719
6467,0,exp,0.9333458148780382,"2024-01-09 06:18:00",desktop,search,0.15102808279989774
1739,0,exp,3.669549808921408,"2024-01-05 10:43:00",mobile,ads,0.11683659386112695
9292,1,exp,2.0543461736766666,"2024-01-01 10:00:00",mobile,email,0.13702010991057306
1243,0,exp,7.910824756010514,"2024-01-04 13:15:00",desktop,email,0.06383780219377427
8340,0,exp,0.24036014910293657,"2024-01-11 07:45:00",mobile,email,0.15968760225738615
7969,0,exp,0.5822855601287457,"2024-01-13 02:25:00",mobile,email,0.1554149168383076
4825,0,exp,3.8423434025951524,"2024-01-11 04:25:00",desktop,email,0.1146773724508637
219,0,exp,2.741097119665569,"2024-01-05 12:45:00",mobile,social,0.12843849924682602
6617,0,con,13.61384506853254,"2024-01-12 16:01:00",desktop,social,0.007426897498821558
2428,1,exp,3.474777110637483,"2024-01-01 06:09:00",mobile,social,0.11927046522943394
2291,1,exp,0.9178493226162696,"2024-01-02 18:03:00",desktop,social,0.15122172630926745
4168,1,exp,1.2424829046934713,"2024-01-09 17:44:00",mobile,email,0.1471651188505729
3967,0,exp,2.608255088093001,"2024-01-14 03:30:00",mobile,social,0.13009848763329324
7329,0,exp,2.315940705033029,"2024-01-03 23:10:00",mobile,search,0.13375123575324216
4744,0,exp,11.481800404335749,"2024-01-02 10:13:00",mobile,direct,0.019215042104930954
1733,0,exp,2.2980152912813545,"2024-01-13 02:42:00",desktop,email,0.13397523096242522
4433,1,exp,2.7520307609770533,"2024-01-13 20:28:00",mobile,social,0.12830187292920642
6964,0,exp,2.2188719627701476,"2024-01-08 20:56:00",mobile,email,0.13496420263531925
1523,1,exp,5.697167498670005,"2024-01-14 13:52:00",mobile,direct,0.09149956929643131
6721,0,exp,4.255853496346566,"2024-01-02 08:28:00",mobile,search,0.10951016787571116
9038,1,exp,9.416566533462213,"2024-01-03 05:55:00",mobile,social,0.04502211687189662
5024,1,exp,1.7939539804674132,"2024-01-07 09:44:00",desktop,search,0.14027395970146528
8006,0,exp,1.6095469741460122,"2024-01-06 20:46:00",mobile,email,0.14257830182310394
4957,0,exp,10.662775077653029,"2024-01-02 12:25:00",desktop,direct,0.02944954781386513
766,0,exp,3.782017594279364,"2024-01-04 04:21:00",mobile,ads,0.11543120119032975
8961,1,exp,0.5534697131248033,"2024-01-01 18:48:00",desktop,search,0.15577499843903675
2506,1,exp,13.770702439509702,"2024-01-10 02:19:00",mobile,direct,0.009386980546871267
5644,0,exp,3.758898885490993,"2024-01-08 19:16:00",mobile,social,0.11572009159380005
704,1,exp,3.9433927953215644,"2024-01-07 10:48:00",mobile,email,0.11341466352960046
6587,0,exp,12.404598616818493,"2024-01-03 02:56:00",mobile,social,0.007683794820916826
821,1,exp,2.193889322664078,"2024-01-10 23:21:00",mobile,social,0.13527638464539876
4343,1,exp,4.346762082865778,"2024-01-03 01:04:00",mobile,email,0.1083741780382657
9251,1,exp,6.5979439179687756,"2024-01-09 15:48:00",mobile,search,0.0802435054050666
3225,0,exp,1.8717491741389631,"2024-01-06 11:31:00",desktop,social,0.13930183426428996
8372,1,exp,0.15596783179872442,"2024-01-14 17:49:00",mobile,direct,0.1607421650713817
2185,0,exp,5.591382636645745,"2024-01-08 07:27:00",mobile,direct,0.092821452440987
5810,1,exp,4.17013471760464,"2024-01-03 06:08:00",desktop,ads,0.1105813060955149
2492,0,exp,5.580758024115146,"2024-01-02 08:21:00",mobile,ads,0.09295421714808104
5029,0,exp,3.1356408134981955,"2024-01-05 14:29:00",mobile,social,0.12350829799980369
7668,1,exp,1.0551133588655948,"2024-01-11 18:59:00",desktop,direct,0.14950648074010414
3253,1,exp,0.1814818926989055,"2024-01-10 11:22:00",mobile,search,0.1604233424496215
3261,1,exp,0.32872947423208904,"2024-01-05 18:09:00",desktop,search,0.15858334292246168
6546,0,exp,6.235915862612798,"2024-01-07 01:54:00",mobile,social,0.08476739261419856
2946,0,exp,18.543821187247076,"2024-01-14 16:00:00",desktop,search,0.0690316697666748
5091,1,con,0.9151664675446107,"2024-01-06 04:56:00",mobile,social,0.15125525115233715
6616,1,exp,7.810317312991943,"2024-01-13 13:10:00",desktop,email,0.06509373893449782
7809,0,exp,15.282276425971425,"2024-01-07 02:00:00",Desktop,direct,0.02827554490492055
9195,0,exp,6.532978073776723,"2024-01-13 19:12:00",mobile,direct,0.08105531583584082
2547,0,exp,7.920537928786764,"2024-01-04 19:25:00",desktop,social,0.06371642679915364
5148,0,exp,2.615609504888936,"2024-01-02 15:02:00",mobile,direct,0.1300065871532571
8099,1,exp,2.9712380304360404,"2024-01-11 03:03:00",desktop,search,0.1255626681969125
5051,0,exp,3.2372265850193966,"2024-01-13 00:40:00",mobile,email,0.12223888651189378
959,0,exp,7.825426684415747,"2024-01-03 10:44:00",mobile,search,0.06490493287068334
9642,1,exp,3.560788247438284,"2024-01-02 13:18:00",mobile,search,0.11819567371573911
5330,0,exp,2.650107983694332,"2024-01-02 15:22:00",desktop,direct,0.12957549562680407
7725,1,exp,3.3697593688941145,"2024-01-03 06:34:00",mobile,search,0.12058276247152915
2632,1,exp,0.35863067316834196,"2024-01-10 13:38:00",mobile,email,0.15820969881006708
9986,1,exp,12.060336527586713,"2024-01-10 06:11:00",mobile,social,0.01198567927164903
2035,1,exp,0.1839960404859623,"2024-01-04 15:27:00",desktop,direct,0.16039192576561742
216,0,exp,0.9812908464829662,"2024-01-06 09:58:00",desktop,search,0.15042896372056094
4972,1,exp,3.5659547147359074,"2024-01-11 17:20:00",mobile,ads,0.1181311137597403
4214,0,exp,3.765032488284778,"2024-01-13 17:34:00",mobile,search,0.1156434463537028
6152,0,exp,0.037136071991673215,"2024-01-14 09:11:00",mobile,ads,0.16222708169670005
8116,1,exp,7.764302622970028,"2024-01-10 15:53:00",desktop,social,0.06566873654736964
2126,0,exp,9.581866307103779,"2024-01-03 18:40:00",mobile,email,0.042956537918590935
6279,0,exp,0.23256202066820436,"2024-01-03 22:03:00",desktop,direct,0.15978504733922205
5019,1,exp,2.230882068551091,"2024-01-13 04:53:00",mobile,search,0.1348141248633927
6258,0,exp,2.619205742183892,"2024-01-02 15:38:00",mobile,email,0.12996164872470453
6234,0,exp,3.4474120310011367,"2024-01-12 23:22:00",mobile,search,0.11961241810273271
2392,1,exp,8.14706744618713,"2024-01-06 09:35:00",mobile,search,0.06088572356746436
3259,1,exp,6.661982605611243,"2024-01-05 15:59:00",desktop,social,0.07944328068317179
9120,1,exp,11.666114479755107,"2024-01-06 16:44:00",mobile,email,0.01691186124389868
5822,0,exp,0.5273406963039848,"2024-01-10 14:34:00",mobile,email,0.1561015055238721
1747,0,exp,1.8109417363860896,"2024-01-03 19:01:00",mobile,email,0.1400616814247533
1271,0,exp,0.7558321467267584,"2024-01-05 03:14:00",desktop,ads,0.15324628606043245
1114,1,exp,2.358447320518629,"2024-01-04 09:11:00",mobile,email,0.1332200748908341
1755,0,exp,3.067914277938573,"2024-01-06 11:24:00",mobile,direct,0.1243546059126966
5434,0,exp,3.354369065189275,"2024-01-02 18:11:00",mobile,direct,0.12077507905319994
1902,0,exp,8.271983034339074,"2024-01-13 11:57:00",mobile,email,0.05932478368144885
3209,1,exp,0.5048703273712191,"2024-01-05 02:50:00",mobile,search,0.1563822943000333
340,0,exp,15.790027682597971,"2024-01-06 02:27:00",desktop,ads,0.03462038305017119
2072,0,exp,17.23083418101957,"2024-01-14 04:33:00",mobile,email,0.0526246398822407
9340,0,exp,9.419891017273613,"2024-01-07 22:06:00",mobile,email,0.044980574263336695
483,1,exp,0.5410217873524147,"2024-01-11 16:18:00",mobile,search,0.15593054719098792
4393,1,exp,3.3722806004304866,"2024-01-09 22:16:00",mobile,search,0.12055125726929439
515,0,exp,5.198904309199221,"2024-01-10 11:55:00",desktop,search,0.09772584495733767
9399,0,exp,9.046808541599724,"2024-01-13 09:44:00",mobile,direct,0.049642597039424655
5446,0,exp,0.318187254318967,"2024-01-14 16:51:00",mobile,ads,0.15871507805490587
9034,0,exp,2.515208319483369,"2024-01-14 02:56:00",mobile,social,0.13126119610335996
8831,1,exp,3.352848389460133,"2024-01-13 21:02:00",mobile,social,0.12079408135254809
7053,0,exp,6.245445815765854,"2024-01-14 18:01:00",desktop,search,0.08464830672421045
8770,0,exp,24.073582499703665,"2024-01-05 18:09:00",mobile,search,0.13813133235049652
2690,0,exp,4.123465670091902,"2024-01-11 02:58:00",mobile,email,0.11116448053181002
7139,0,exp,5.969885093250183,"2024-01-02 06:34:00",mobile,direct,0.08809170181330661
7626,0,exp,0.28031249251704815,"2024-01-09 02:35:00",mobile,email,0.1591883594703369
6714,1,exp,6.942596475151445,"2024-01-03 12:22:00",mobile,search,0.07593674168339815
691,0,exp,9.42914833718931,"2024-01-13 01:25:00",desktop,email,0.044864895186707436
3314,0,exp,1.953566834927489,"2024-01-06 02:07:00",mobile,direct,0.13827944424880242
4494,1,exp,2.096813551662999,"2024-01-08 19:35:00",mobile,email,0.13648943935828994
2529,1,exp,3.101029197863527,"2024-01-05 10:17:00",desktop,social,0.1239408032792719
9161,0,exp,4.592191626652604,"2024-01-09 09:37:00",mobile,social,0.10530730087928813
8219,1,exp,1.2301635071164572,"2024-01-12 21:02:00",mobile,email,0.1473190615196516
3613,1,exp,4.482897326765115,"2024-01-08 01:47:00",mobile,social,0.10667303781038279
3405,1,exp,0.7767241383825159,"2024-01-05 04:48:00",desktop,email,0.15298522061971173
6188,0,exp,2.049587742387379,"2024-01-06 15:04:00",mobile,email,0.13707957106593568
723,1,con,2.1335103930342,"2024-01-13 13:34:00",mobile,email,0.1360308771865503
5050,0,exp,4.501097792961907,"2024-01-11 19:38:00",mobile,email,0.10644560555752343
3080,1,exp,0.014895286970400682,"2024-01-01 08:09:00",mobile,email,0.16250500160205064
250,0,exp,3.867402493225927,"2024-01-14 07:12:00",mobile,search,0.11436423511827333
2010,0,exp,2.1167785938051678,"2024-01-06 18:57:00",mobile,search,0.1362399570393356
9298,0,exp,1.9089860779050434,"2024-01-02 21:18:00",mobile,search,0.13883652349579326
462,1,exp,0.4160318945360506,"2024-01-07 23:06:00",mobile,direct,0.1574924155849353
4415,0,exp,6.541665113331985,"2024-01-08 14:21:00",desktop,email,0.08094676295838321
688,0,exp,0.28295959743845767,"2024-01-05 18:24:00",desktop,search,0.1591552813596269
194,1,exp,6.42280107850384,"2024-01-10 17:37:00",desktop,direct,0.08243208289099485
8907,0,exp,2.527374175097534,"2024-01-07 14:56:00",mobile,social,0.1311091720881301
3952,1,exp,5.93628324811903,"2024-01-03 11:01:00",mobile,email,0.08851158904343465
3036,0,exp,4.60788619196059,"2024-01-12 00:23:00",desktop,search,0.10511118225754244
3326,1,exp,9.206552059639238,"2024-01-13 07:06:00",mobile,social,0.04764644882022071
7521,0,exp,2.878017894615006,"2024-01-07 18:21:00",desktop,search,0.12672754305629227
7627,1,exp,9.63763276755238,"2024-01-04 06:21:00",desktop,search,0.04225968259649738
5570,0,exp,0.17041627081962407,"2024-01-03 21:18:00",desktop,direct,0.16056161799081278
4971,1,exp,0.10561164594378589,"2024-01-03 14:46:00",mobile,direct,0.16137141383185646
8143,1,exp,3.647422986362079,"2024-01-11 14:20:00",mobile,email,0.11711308969639157
5800,0,con,12.73206576485145,"2024-01-07 09:40:00",desktop,social,0.0035917792423436306
4570,0,exp,2.835180127629565,"2024-01-12 04:59:00",mobile,social,0.12726284197378268
5450,0,exp,4.773954998141064,"2024-01-07 06:06:00",desktop,search,0.10303599350628131
3540,1,exp,2.7261478102351875,"2024-01-09 00:37:00",mobile,social,0.1286253051827664
1348,0,exp,7.035965350640888,"2024-01-01 00:00:00",desktop,email,0.07477000817943699
6122,0,exp,5.12635573528221,"2024-01-12 13:00:00",mobile,search,0.09863240885681561
6564,1,exp,9.334222252062176,"2024-01-07 11:54:00",mobile,ads,0.046051087516186875
4452,1,con,4.672341638313701,"2024-01-01 14:37:00",mobile,social,0.10430574973649373
2569,1,exp,11.231279703795998,"2024-01-01 18:04:00",mobile,ads,0.02234553814253824
9487,1,exp,11.746307993984782,"2024-01-10 02:08:00",mobile,email,0.01590976649485431
9730,1,exp,2.6474432651419373,"2024-01-13 10:50:00",mobile,email,0.12960879383669904
188,0,exp,13.367789311132242,"2024-01-06 21:27:00",desktop,search,0.004352195201117147
1750,1,exp,0.36321334053691046,"2024-01-07 12:04:00",desktop,ads,0.1581524339931954
8185,1,exp,6.362420167423411,"2024-01-08 03:00:00",mobile,direct,0.08318660019226835
5676,0,exp,9.650716086061063,"2024-01-04 18:18:00",desktop,ads,0.042096194003890294
3825,1,exp,5.124968580080998,"2024-01-10 20:01:00",mobile,search,0.0986497426893156
2096,0,exp,1.8641214138300994,"2024-01-12 09:40:00",desktop,search,0.1393971504332583
9002,1,exp,0.45585755749335877,"2024-01-09 16:32:00",mobile,search,0.15699475579149577
8724,1,exp,3.0877866617886247,"2024-01-11 16:27:00",desktop,direct,0.12410628144782658
6613,0,exp,8.012638762303245,"2024-01-05 13:41:00",mobile,email,0.06256553869384945
6894,0,exp,1.1870019841133468,"2024-01-12 23:44:00",mobile,email,0.1478584060785931
4630,1,exp,3.530341191128464,"2024-01-01 06:17:00",mobile,email,0.11857613883869837
2467,1,exp,0.5052760632812922,"2024-01-08 06:22:00",mobile,search,0.15637722424132733
8446,0,exp,4.676022867005673,"2024-01-10 08:22:00",mobile,direct,0.10425974925905246
4830,0,exp,0.48857356487107934,"2024-01-14 04:45:00",mobile,email,0.1565859379523247
8808,0,exp,1.0110964373878775,"2024-01-12 00:27:00",desktop,social,0.1500565143220668
9550,0,exp,9.341554463085139,"2024-01-04 04:53:00",mobile,email,0.04595946451854703
1328,1,exp,8.306535644526914,"2024-01-01 01:47:00",mobile,social,0.058893015731539024
7989,0,exp,8.441318931505668,"2024-01-13 20:24:00",mobile,email,0.0572087694999358
5958,1,exp,17.319770591890236,"2024-01-06 01:01:00",mobile,ads,0.05373598549651442
5823,1,exp,9.663516622504849,"2024-01-03 17:42:00",mobile,direct,0.0419362390439601
1242,1,exp,2.500462168335069,"2024-01-01 08:37:00",desktop,search,0.13144546338203295
8739,1,exp,4.160587754196214,"2024-01-04 15:38:00",MOBILE,social,0.11070060454493191
9969,1,con,1.3317021141988814,"2024-01-02 21:06:00",Desktop,email,0.14605023939656617
3626,0,exp,1.0476066198428189,"2024-01-02 13:13:00",desktop,direct,0.14960028463221975
8225,0,exp,0.17372171913174628,"2024-01-04 07:28:00",desktop,search,0.16052031324904364
246,1,exp,14.218983105701229,"2024-01-08 08:25:00",mobile,email,0.014988676718984033
6556,1,exp,8.826444621212861,"2024-01-14 22:32:00",Desktop,email,0.052396255232605465
2041,1,exp,16.243137662770753,"2024-01-02 16:41:00",mobile,social,0.04028242612475592
